Copyright 1986-2022 Xilinx, Inc. All Rights Reserved. Copyright 2022-2025 Advanced Micro Devices, Inc. All Rights Reserved.
---------------------------------------------------------------------------------------------------------------------------------------------
| Tool Version : Vivado v.2025.1 (lin64) Build 6140274 Wed May 21 22:58:25 MDT 2025
| Date         : Fri Jun 12 15:01:40 2026
| Host         : planet-clockwork running 64-bit EndeavourOS Linux
| Command      : report_drc -file system_top_drc_opted.rpt -pb system_top_drc_opted.pb -rpx system_top_drc_opted.rpx
| Design       : system_top
| Device       : xc7z020clg400-1
| Speed File   : -1
| Design State : Synthesized
---------------------------------------------------------------------------------------------------------------------------------------------

Report DRC

Table of Contents
-----------------
1. REPORT SUMMARY
2. REPORT DETAILS

1. REPORT SUMMARY
-----------------
            Netlist: netlist
          Floorplan: design_1
      Design limits: <entire design considered>
           Ruledeck: default
             Max checks: <unlimited>
             Checks found: 220
+-----------+----------+-------------------------------------------------------------------+--------+
| Rule      | Severity | Description                                                       | Checks |
+-----------+----------+-------------------------------------------------------------------+--------+
| DPIP-1    | Warning  | Input pipelining                                                  | 88     |
| DPOP-1    | Warning  | PREG Output pipelining                                            | 48     |
| DPOP-2    | Warning  | MREG Output pipelining                                            | 48     |
| REQP-1577 | Warning  | Clock output buffering                                            | 1      |
| REQP-1839 | Warning  | RAMB36 async control check                                        | 19     |
| AVAL-4    | Advisory | enum_USE_DPORT_FALSE_enum_DREG_ADREG_0_connects_CED_CEAD_RSTD_GND | 16     |
+-----------+----------+-------------------------------------------------------------------+--------+

2. REPORT DETAILS
-----------------
DPIP-1#1 Warning
Input pipelining  
DSP i_system_wrapper/system_i/btle_controller_0/inst/btle_phy_i/btle_rx_i/genblk1[0].btle_rx_core_i/gfsk_demodulation_i/signal_for_decision_reg_reg1 input i_system_wrapper/system_i/btle_controller_0/inst/btle_phy_i/btle_rx_i/genblk1[0].btle_rx_core_i/gfsk_demodulation_i/signal_for_decision_reg_reg1/A[29:0] is not pipelined. Pipelining DSP48 input will improve performance.
Related violations: <none>

DPIP-1#2 Warning
Input pipelining  
DSP i_system_wrapper/system_i/btle_controller_0/inst/btle_phy_i/btle_rx_i/genblk1[0].btle_rx_core_i/gfsk_demodulation_i/signal_for_decision_reg_reg1 input i_system_wrapper/system_i/btle_controller_0/inst/btle_phy_i/btle_rx_i/genblk1[0].btle_rx_core_i/gfsk_demodulation_i/signal_for_decision_reg_reg1/B[17:0] is not pipelined. Pipelining DSP48 input will improve performance.
Related violations: <none>

DPIP-1#3 Warning
Input pipelining  
DSP i_system_wrapper/system_i/btle_controller_0/inst/btle_phy_i/btle_rx_i/genblk1[0].btle_rx_core_i/gfsk_demodulation_i/signal_for_decision_reg_reg1__0 input i_system_wrapper/system_i/btle_controller_0/inst/btle_phy_i/btle_rx_i/genblk1[0].btle_rx_core_i/gfsk_demodulation_i/signal_for_decision_reg_reg1__0/A[29:0] is not pipelined. Pipelining DSP48 input will improve performance.
Related violations: <none>

DPIP-1#4 Warning
Input pipelining  
DSP i_system_wrapper/system_i/btle_controller_0/inst/btle_phy_i/btle_rx_i/genblk1[0].btle_rx_core_i/gfsk_demodulation_i/signal_for_decision_reg_reg1__0 input i_system_wrapper/system_i/btle_controller_0/inst/btle_phy_i/btle_rx_i/genblk1[0].btle_rx_core_i/gfsk_demodulation_i/signal_for_decision_reg_reg1__0/B[17:0] is not pipelined. Pipelining DSP48 input will improve performance.
Related violations: <none>

DPIP-1#5 Warning
Input pipelining  
DSP i_system_wrapper/system_i/btle_controller_0/inst/btle_phy_i/btle_rx_i/genblk1[0].btle_rx_core_i/gfsk_demodulation_i/signal_for_decision_reg_reg1__1 input i_system_wrapper/system_i/btle_controller_0/inst/btle_phy_i/btle_rx_i/genblk1[0].btle_rx_core_i/gfsk_demodulation_i/signal_for_decision_reg_reg1__1/A[29:0] is not pipelined. Pipelining DSP48 input will improve performance.
Related violations: <none>

DPIP-1#6 Warning
Input pipelining  
DSP i_system_wrapper/system_i/btle_controller_0/inst/btle_phy_i/btle_rx_i/genblk1[0].btle_rx_core_i/gfsk_demodulation_i/signal_for_decision_reg_reg1__1 input i_system_wrapper/system_i/btle_controller_0/inst/btle_phy_i/btle_rx_i/genblk1[0].btle_rx_core_i/gfsk_demodulation_i/signal_for_decision_reg_reg1__1/B[17:0] is not pipelined. Pipelining DSP48 input will improve performance.
Related violations: <none>

DPIP-1#7 Warning
Input pipelining  
DSP i_system_wrapper/system_i/btle_controller_0/inst/btle_phy_i/btle_rx_i/genblk1[0].btle_rx_core_i/gfsk_demodulation_i/signal_for_decision_reg_reg1__2 input i_system_wrapper/system_i/btle_controller_0/inst/btle_phy_i/btle_rx_i/genblk1[0].btle_rx_core_i/gfsk_demodulation_i/signal_for_decision_reg_reg1__2/A[29:0] is not pipelined. Pipelining DSP48 input will improve performance.
Related violations: <none>

DPIP-1#8 Warning
Input pipelining  
DSP i_system_wrapper/system_i/btle_controller_0/inst/btle_phy_i/btle_rx_i/genblk1[0].btle_rx_core_i/gfsk_demodulation_i/signal_for_decision_reg_reg1__2 input i_system_wrapper/system_i/btle_controller_0/inst/btle_phy_i/btle_rx_i/genblk1[0].btle_rx_core_i/gfsk_demodulation_i/signal_for_decision_reg_reg1__2/B[17:0] is not pipelined. Pipelining DSP48 input will improve performance.
Related violations: <none>

DPIP-1#9 Warning
Input pipelining  
DSP i_system_wrapper/system_i/btle_controller_0/inst/btle_phy_i/btle_rx_i/genblk1[0].btle_rx_core_i/gfsk_demodulation_i/signal_for_decision_reg_reg1__3 input i_system_wrapper/system_i/btle_controller_0/inst/btle_phy_i/btle_rx_i/genblk1[0].btle_rx_core_i/gfsk_demodulation_i/signal_for_decision_reg_reg1__3/A[29:0] is not pipelined. Pipelining DSP48 input will improve performance.
Related violations: <none>

DPIP-1#10 Warning
Input pipelining  
DSP i_system_wrapper/system_i/btle_controller_0/inst/btle_phy_i/btle_rx_i/genblk1[0].btle_rx_core_i/gfsk_demodulation_i/signal_for_decision_reg_reg1__3 input i_system_wrapper/system_i/btle_controller_0/inst/btle_phy_i/btle_rx_i/genblk1[0].btle_rx_core_i/gfsk_demodulation_i/signal_for_decision_reg_reg1__3/B[17:0] is not pipelined. Pipelining DSP48 input will improve performance.
Related violations: <none>

DPIP-1#11 Warning
Input pipelining  
DSP i_system_wrapper/system_i/btle_controller_0/inst/btle_phy_i/btle_rx_i/genblk1[0].btle_rx_core_i/gfsk_demodulation_i/signal_for_decision_reg_reg1__4 input i_system_wrapper/system_i/btle_controller_0/inst/btle_phy_i/btle_rx_i/genblk1[0].btle_rx_core_i/gfsk_demodulation_i/signal_for_decision_reg_reg1__4/B[17:0] is not pipelined. Pipelining DSP48 input will improve performance.
Related violations: <none>

DPIP-1#12 Warning
Input pipelining  
DSP i_system_wrapper/system_i/btle_controller_0/inst/btle_phy_i/btle_rx_i/genblk1[1].btle_rx_core_i/gfsk_demodulation_i/signal_for_decision_reg_reg1 input i_system_wrapper/system_i/btle_controller_0/inst/btle_phy_i/btle_rx_i/genblk1[1].btle_rx_core_i/gfsk_demodulation_i/signal_for_decision_reg_reg1/A[29:0] is not pipelined. Pipelining DSP48 input will improve performance.
Related violations: <none>

DPIP-1#13 Warning
Input pipelining  
DSP i_system_wrapper/system_i/btle_controller_0/inst/btle_phy_i/btle_rx_i/genblk1[1].btle_rx_core_i/gfsk_demodulation_i/signal_for_decision_reg_reg1 input i_system_wrapper/system_i/btle_controller_0/inst/btle_phy_i/btle_rx_i/genblk1[1].btle_rx_core_i/gfsk_demodulation_i/signal_for_decision_reg_reg1/B[17:0] is not pipelined. Pipelining DSP48 input will improve performance.
Related violations: <none>

DPIP-1#14 Warning
Input pipelining  
DSP i_system_wrapper/system_i/btle_controller_0/inst/btle_phy_i/btle_rx_i/genblk1[1].btle_rx_core_i/gfsk_demodulation_i/signal_for_decision_reg_reg1__0 input i_system_wrapper/system_i/btle_controller_0/inst/btle_phy_i/btle_rx_i/genblk1[1].btle_rx_core_i/gfsk_demodulation_i/signal_for_decision_reg_reg1__0/A[29:0] is not pipelined. Pipelining DSP48 input will improve performance.
Related violations: <none>

DPIP-1#15 Warning
Input pipelining  
DSP i_system_wrapper/system_i/btle_controller_0/inst/btle_phy_i/btle_rx_i/genblk1[1].btle_rx_core_i/gfsk_demodulation_i/signal_for_decision_reg_reg1__0 input i_system_wrapper/system_i/btle_controller_0/inst/btle_phy_i/btle_rx_i/genblk1[1].btle_rx_core_i/gfsk_demodulation_i/signal_for_decision_reg_reg1__0/B[17:0] is not pipelined. Pipelining DSP48 input will improve performance.
Related violations: <none>

DPIP-1#16 Warning
Input pipelining  
DSP i_system_wrapper/system_i/btle_controller_0/inst/btle_phy_i/btle_rx_i/genblk1[1].btle_rx_core_i/gfsk_demodulation_i/signal_for_decision_reg_reg1__1 input i_system_wrapper/system_i/btle_controller_0/inst/btle_phy_i/btle_rx_i/genblk1[1].btle_rx_core_i/gfsk_demodulation_i/signal_for_decision_reg_reg1__1/A[29:0] is not pipelined. Pipelining DSP48 input will improve performance.
Related violations: <none>

DPIP-1#17 Warning
Input pipelining  
DSP i_system_wrapper/system_i/btle_controller_0/inst/btle_phy_i/btle_rx_i/genblk1[1].btle_rx_core_i/gfsk_demodulation_i/signal_for_decision_reg_reg1__1 input i_system_wrapper/system_i/btle_controller_0/inst/btle_phy_i/btle_rx_i/genblk1[1].btle_rx_core_i/gfsk_demodulation_i/signal_for_decision_reg_reg1__1/B[17:0] is not pipelined. Pipelining DSP48 input will improve performance.
Related violations: <none>

DPIP-1#18 Warning
Input pipelining  
DSP i_system_wrapper/system_i/btle_controller_0/inst/btle_phy_i/btle_rx_i/genblk1[1].btle_rx_core_i/gfsk_demodulation_i/signal_for_decision_reg_reg1__2 input i_system_wrapper/system_i/btle_controller_0/inst/btle_phy_i/btle_rx_i/genblk1[1].btle_rx_core_i/gfsk_demodulation_i/signal_for_decision_reg_reg1__2/A[29:0] is not pipelined. Pipelining DSP48 input will improve performance.
Related violations: <none>

DPIP-1#19 Warning
Input pipelining  
DSP i_system_wrapper/system_i/btle_controller_0/inst/btle_phy_i/btle_rx_i/genblk1[1].btle_rx_core_i/gfsk_demodulation_i/signal_for_decision_reg_reg1__2 input i_system_wrapper/system_i/btle_controller_0/inst/btle_phy_i/btle_rx_i/genblk1[1].btle_rx_core_i/gfsk_demodulation_i/signal_for_decision_reg_reg1__2/B[17:0] is not pipelined. Pipelining DSP48 input will improve performance.
Related violations: <none>

DPIP-1#20 Warning
Input pipelining  
DSP i_system_wrapper/system_i/btle_controller_0/inst/btle_phy_i/btle_rx_i/genblk1[1].btle_rx_core_i/gfsk_demodulation_i/signal_for_decision_reg_reg1__3 input i_system_wrapper/system_i/btle_controller_0/inst/btle_phy_i/btle_rx_i/genblk1[1].btle_rx_core_i/gfsk_demodulation_i/signal_for_decision_reg_reg1__3/A[29:0] is not pipelined. Pipelining DSP48 input will improve performance.
Related violations: <none>

DPIP-1#21 Warning
Input pipelining  
DSP i_system_wrapper/system_i/btle_controller_0/inst/btle_phy_i/btle_rx_i/genblk1[1].btle_rx_core_i/gfsk_demodulation_i/signal_for_decision_reg_reg1__3 input i_system_wrapper/system_i/btle_controller_0/inst/btle_phy_i/btle_rx_i/genblk1[1].btle_rx_core_i/gfsk_demodulation_i/signal_for_decision_reg_reg1__3/B[17:0] is not pipelined. Pipelining DSP48 input will improve performance.
Related violations: <none>

DPIP-1#22 Warning
Input pipelining  
DSP i_system_wrapper/system_i/btle_controller_0/inst/btle_phy_i/btle_rx_i/genblk1[1].btle_rx_core_i/gfsk_demodulation_i/signal_for_decision_reg_reg1__4 input i_system_wrapper/system_i/btle_controller_0/inst/btle_phy_i/btle_rx_i/genblk1[1].btle_rx_core_i/gfsk_demodulation_i/signal_for_decision_reg_reg1__4/B[17:0] is not pipelined. Pipelining DSP48 input will improve performance.
Related violations: <none>

DPIP-1#23 Warning
Input pipelining  
DSP i_system_wrapper/system_i/btle_controller_0/inst/btle_phy_i/btle_rx_i/genblk1[2].btle_rx_core_i/gfsk_demodulation_i/signal_for_decision_reg_reg1 input i_system_wrapper/system_i/btle_controller_0/inst/btle_phy_i/btle_rx_i/genblk1[2].btle_rx_core_i/gfsk_demodulation_i/signal_for_decision_reg_reg1/A[29:0] is not pipelined. Pipelining DSP48 input will improve performance.
Related violations: <none>

DPIP-1#24 Warning
Input pipelining  
DSP i_system_wrapper/system_i/btle_controller_0/inst/btle_phy_i/btle_rx_i/genblk1[2].btle_rx_core_i/gfsk_demodulation_i/signal_for_decision_reg_reg1 input i_system_wrapper/system_i/btle_controller_0/inst/btle_phy_i/btle_rx_i/genblk1[2].btle_rx_core_i/gfsk_demodulation_i/signal_for_decision_reg_reg1/B[17:0] is not pipelined. Pipelining DSP48 input will improve performance.
Related violations: <none>

DPIP-1#25 Warning
Input pipelining  
DSP i_system_wrapper/system_i/btle_controller_0/inst/btle_phy_i/btle_rx_i/genblk1[2].btle_rx_core_i/gfsk_demodulation_i/signal_for_decision_reg_reg1__0 input i_system_wrapper/system_i/btle_controller_0/inst/btle_phy_i/btle_rx_i/genblk1[2].btle_rx_core_i/gfsk_demodulation_i/signal_for_decision_reg_reg1__0/A[29:0] is not pipelined. Pipelining DSP48 input will improve performance.
Related violations: <none>

DPIP-1#26 Warning
Input pipelining  
DSP i_system_wrapper/system_i/btle_controller_0/inst/btle_phy_i/btle_rx_i/genblk1[2].btle_rx_core_i/gfsk_demodulation_i/signal_for_decision_reg_reg1__0 input i_system_wrapper/system_i/btle_controller_0/inst/btle_phy_i/btle_rx_i/genblk1[2].btle_rx_core_i/gfsk_demodulation_i/signal_for_decision_reg_reg1__0/B[17:0] is not pipelined. Pipelining DSP48 input will improve performance.
Related violations: <none>

DPIP-1#27 Warning
Input pipelining  
DSP i_system_wrapper/system_i/btle_controller_0/inst/btle_phy_i/btle_rx_i/genblk1[2].btle_rx_core_i/gfsk_demodulation_i/signal_for_decision_reg_reg1__1 input i_system_wrapper/system_i/btle_controller_0/inst/btle_phy_i/btle_rx_i/genblk1[2].btle_rx_core_i/gfsk_demodulation_i/signal_for_decision_reg_reg1__1/A[29:0] is not pipelined. Pipelining DSP48 input will improve performance.
Related violations: <none>

DPIP-1#28 Warning
Input pipelining  
DSP i_system_wrapper/system_i/btle_controller_0/inst/btle_phy_i/btle_rx_i/genblk1[2].btle_rx_core_i/gfsk_demodulation_i/signal_for_decision_reg_reg1__1 input i_system_wrapper/system_i/btle_controller_0/inst/btle_phy_i/btle_rx_i/genblk1[2].btle_rx_core_i/gfsk_demodulation_i/signal_for_decision_reg_reg1__1/B[17:0] is not pipelined. Pipelining DSP48 input will improve performance.
Related violations: <none>

DPIP-1#29 Warning
Input pipelining  
DSP i_system_wrapper/system_i/btle_controller_0/inst/btle_phy_i/btle_rx_i/genblk1[2].btle_rx_core_i/gfsk_demodulation_i/signal_for_decision_reg_reg1__2 input i_system_wrapper/system_i/btle_controller_0/inst/btle_phy_i/btle_rx_i/genblk1[2].btle_rx_core_i/gfsk_demodulation_i/signal_for_decision_reg_reg1__2/A[29:0] is not pipelined. Pipelining DSP48 input will improve performance.
Related violations: <none>

DPIP-1#30 Warning
Input pipelining  
DSP i_system_wrapper/system_i/btle_controller_0/inst/btle_phy_i/btle_rx_i/genblk1[2].btle_rx_core_i/gfsk_demodulation_i/signal_for_decision_reg_reg1__2 input i_system_wrapper/system_i/btle_controller_0/inst/btle_phy_i/btle_rx_i/genblk1[2].btle_rx_core_i/gfsk_demodulation_i/signal_for_decision_reg_reg1__2/B[17:0] is not pipelined. Pipelining DSP48 input will improve performance.
Related violations: <none>

DPIP-1#31 Warning
Input pipelining  
DSP i_system_wrapper/system_i/btle_controller_0/inst/btle_phy_i/btle_rx_i/genblk1[2].btle_rx_core_i/gfsk_demodulation_i/signal_for_decision_reg_reg1__3 input i_system_wrapper/system_i/btle_controller_0/inst/btle_phy_i/btle_rx_i/genblk1[2].btle_rx_core_i/gfsk_demodulation_i/signal_for_decision_reg_reg1__3/A[29:0] is not pipelined. Pipelining DSP48 input will improve performance.
Related violations: <none>

DPIP-1#32 Warning
Input pipelining  
DSP i_system_wrapper/system_i/btle_controller_0/inst/btle_phy_i/btle_rx_i/genblk1[2].btle_rx_core_i/gfsk_demodulation_i/signal_for_decision_reg_reg1__3 input i_system_wrapper/system_i/btle_controller_0/inst/btle_phy_i/btle_rx_i/genblk1[2].btle_rx_core_i/gfsk_demodulation_i/signal_for_decision_reg_reg1__3/B[17:0] is not pipelined. Pipelining DSP48 input will improve performance.
Related violations: <none>

DPIP-1#33 Warning
Input pipelining  
DSP i_system_wrapper/system_i/btle_controller_0/inst/btle_phy_i/btle_rx_i/genblk1[2].btle_rx_core_i/gfsk_demodulation_i/signal_for_decision_reg_reg1__4 input i_system_wrapper/system_i/btle_controller_0/inst/btle_phy_i/btle_rx_i/genblk1[2].btle_rx_core_i/gfsk_demodulation_i/signal_for_decision_reg_reg1__4/B[17:0] is not pipelined. Pipelining DSP48 input will improve performance.
Related violations: <none>

DPIP-1#34 Warning
Input pipelining  
DSP i_system_wrapper/system_i/btle_controller_0/inst/btle_phy_i/btle_rx_i/genblk1[3].btle_rx_core_i/gfsk_demodulation_i/signal_for_decision_reg_reg1 input i_system_wrapper/system_i/btle_controller_0/inst/btle_phy_i/btle_rx_i/genblk1[3].btle_rx_core_i/gfsk_demodulation_i/signal_for_decision_reg_reg1/A[29:0] is not pipelined. Pipelining DSP48 input will improve performance.
Related violations: <none>

DPIP-1#35 Warning
Input pipelining  
DSP i_system_wrapper/system_i/btle_controller_0/inst/btle_phy_i/btle_rx_i/genblk1[3].btle_rx_core_i/gfsk_demodulation_i/signal_for_decision_reg_reg1 input i_system_wrapper/system_i/btle_controller_0/inst/btle_phy_i/btle_rx_i/genblk1[3].btle_rx_core_i/gfsk_demodulation_i/signal_for_decision_reg_reg1/B[17:0] is not pipelined. Pipelining DSP48 input will improve performance.
Related violations: <none>

DPIP-1#36 Warning
Input pipelining  
DSP i_system_wrapper/system_i/btle_controller_0/inst/btle_phy_i/btle_rx_i/genblk1[3].btle_rx_core_i/gfsk_demodulation_i/signal_for_decision_reg_reg1__0 input i_system_wrapper/system_i/btle_controller_0/inst/btle_phy_i/btle_rx_i/genblk1[3].btle_rx_core_i/gfsk_demodulation_i/signal_for_decision_reg_reg1__0/A[29:0] is not pipelined. Pipelining DSP48 input will improve performance.
Related violations: <none>

DPIP-1#37 Warning
Input pipelining  
DSP i_system_wrapper/system_i/btle_controller_0/inst/btle_phy_i/btle_rx_i/genblk1[3].btle_rx_core_i/gfsk_demodulation_i/signal_for_decision_reg_reg1__0 input i_system_wrapper/system_i/btle_controller_0/inst/btle_phy_i/btle_rx_i/genblk1[3].btle_rx_core_i/gfsk_demodulation_i/signal_for_decision_reg_reg1__0/B[17:0] is not pipelined. Pipelining DSP48 input will improve performance.
Related violations: <none>

DPIP-1#38 Warning
Input pipelining  
DSP i_system_wrapper/system_i/btle_controller_0/inst/btle_phy_i/btle_rx_i/genblk1[3].btle_rx_core_i/gfsk_demodulation_i/signal_for_decision_reg_reg1__1 input i_system_wrapper/system_i/btle_controller_0/inst/btle_phy_i/btle_rx_i/genblk1[3].btle_rx_core_i/gfsk_demodulation_i/signal_for_decision_reg_reg1__1/A[29:0] is not pipelined. Pipelining DSP48 input will improve performance.
Related violations: <none>

DPIP-1#39 Warning
Input pipelining  
DSP i_system_wrapper/system_i/btle_controller_0/inst/btle_phy_i/btle_rx_i/genblk1[3].btle_rx_core_i/gfsk_demodulation_i/signal_for_decision_reg_reg1__1 input i_system_wrapper/system_i/btle_controller_0/inst/btle_phy_i/btle_rx_i/genblk1[3].btle_rx_core_i/gfsk_demodulation_i/signal_for_decision_reg_reg1__1/B[17:0] is not pipelined. Pipelining DSP48 input will improve performance.
Related violations: <none>

DPIP-1#40 Warning
Input pipelining  
DSP i_system_wrapper/system_i/btle_controller_0/inst/btle_phy_i/btle_rx_i/genblk1[3].btle_rx_core_i/gfsk_demodulation_i/signal_for_decision_reg_reg1__2 input i_system_wrapper/system_i/btle_controller_0/inst/btle_phy_i/btle_rx_i/genblk1[3].btle_rx_core_i/gfsk_demodulation_i/signal_for_decision_reg_reg1__2/A[29:0] is not pipelined. Pipelining DSP48 input will improve performance.
Related violations: <none>

DPIP-1#41 Warning
Input pipelining  
DSP i_system_wrapper/system_i/btle_controller_0/inst/btle_phy_i/btle_rx_i/genblk1[3].btle_rx_core_i/gfsk_demodulation_i/signal_for_decision_reg_reg1__2 input i_system_wrapper/system_i/btle_controller_0/inst/btle_phy_i/btle_rx_i/genblk1[3].btle_rx_core_i/gfsk_demodulation_i/signal_for_decision_reg_reg1__2/B[17:0] is not pipelined. Pipelining DSP48 input will improve performance.
Related violations: <none>

DPIP-1#42 Warning
Input pipelining  
DSP i_system_wrapper/system_i/btle_controller_0/inst/btle_phy_i/btle_rx_i/genblk1[3].btle_rx_core_i/gfsk_demodulation_i/signal_for_decision_reg_reg1__3 input i_system_wrapper/system_i/btle_controller_0/inst/btle_phy_i/btle_rx_i/genblk1[3].btle_rx_core_i/gfsk_demodulation_i/signal_for_decision_reg_reg1__3/A[29:0] is not pipelined. Pipelining DSP48 input will improve performance.
Related violations: <none>

DPIP-1#43 Warning
Input pipelining  
DSP i_system_wrapper/system_i/btle_controller_0/inst/btle_phy_i/btle_rx_i/genblk1[3].btle_rx_core_i/gfsk_demodulation_i/signal_for_decision_reg_reg1__3 input i_system_wrapper/system_i/btle_controller_0/inst/btle_phy_i/btle_rx_i/genblk1[3].btle_rx_core_i/gfsk_demodulation_i/signal_for_decision_reg_reg1__3/B[17:0] is not pipelined. Pipelining DSP48 input will improve performance.
Related violations: <none>

DPIP-1#44 Warning
Input pipelining  
DSP i_system_wrapper/system_i/btle_controller_0/inst/btle_phy_i/btle_rx_i/genblk1[3].btle_rx_core_i/gfsk_demodulation_i/signal_for_decision_reg_reg1__4 input i_system_wrapper/system_i/btle_controller_0/inst/btle_phy_i/btle_rx_i/genblk1[3].btle_rx_core_i/gfsk_demodulation_i/signal_for_decision_reg_reg1__4/B[17:0] is not pipelined. Pipelining DSP48 input will improve performance.
Related violations: <none>

DPIP-1#45 Warning
Input pipelining  
DSP i_system_wrapper/system_i/btle_controller_0/inst/btle_phy_i/btle_rx_i/genblk1[4].btle_rx_core_i/gfsk_demodulation_i/signal_for_decision_reg_reg1 input i_system_wrapper/system_i/btle_controller_0/inst/btle_phy_i/btle_rx_i/genblk1[4].btle_rx_core_i/gfsk_demodulation_i/signal_for_decision_reg_reg1/A[29:0] is not pipelined. Pipelining DSP48 input will improve performance.
Related violations: <none>

DPIP-1#46 Warning
Input pipelining  
DSP i_system_wrapper/system_i/btle_controller_0/inst/btle_phy_i/btle_rx_i/genblk1[4].btle_rx_core_i/gfsk_demodulation_i/signal_for_decision_reg_reg1 input i_system_wrapper/system_i/btle_controller_0/inst/btle_phy_i/btle_rx_i/genblk1[4].btle_rx_core_i/gfsk_demodulation_i/signal_for_decision_reg_reg1/B[17:0] is not pipelined. Pipelining DSP48 input will improve performance.
Related violations: <none>

DPIP-1#47 Warning
Input pipelining  
DSP i_system_wrapper/system_i/btle_controller_0/inst/btle_phy_i/btle_rx_i/genblk1[4].btle_rx_core_i/gfsk_demodulation_i/signal_for_decision_reg_reg1__0 input i_system_wrapper/system_i/btle_controller_0/inst/btle_phy_i/btle_rx_i/genblk1[4].btle_rx_core_i/gfsk_demodulation_i/signal_for_decision_reg_reg1__0/A[29:0] is not pipelined. Pipelining DSP48 input will improve performance.
Related violations: <none>

DPIP-1#48 Warning
Input pipelining  
DSP i_system_wrapper/system_i/btle_controller_0/inst/btle_phy_i/btle_rx_i/genblk1[4].btle_rx_core_i/gfsk_demodulation_i/signal_for_decision_reg_reg1__0 input i_system_wrapper/system_i/btle_controller_0/inst/btle_phy_i/btle_rx_i/genblk1[4].btle_rx_core_i/gfsk_demodulation_i/signal_for_decision_reg_reg1__0/B[17:0] is not pipelined. Pipelining DSP48 input will improve performance.
Related violations: <none>

DPIP-1#49 Warning
Input pipelining  
DSP i_system_wrapper/system_i/btle_controller_0/inst/btle_phy_i/btle_rx_i/genblk1[4].btle_rx_core_i/gfsk_demodulation_i/signal_for_decision_reg_reg1__1 input i_system_wrapper/system_i/btle_controller_0/inst/btle_phy_i/btle_rx_i/genblk1[4].btle_rx_core_i/gfsk_demodulation_i/signal_for_decision_reg_reg1__1/A[29:0] is not pipelined. Pipelining DSP48 input will improve performance.
Related violations: <none>

DPIP-1#50 Warning
Input pipelining  
DSP i_system_wrapper/system_i/btle_controller_0/inst/btle_phy_i/btle_rx_i/genblk1[4].btle_rx_core_i/gfsk_demodulation_i/signal_for_decision_reg_reg1__1 input i_system_wrapper/system_i/btle_controller_0/inst/btle_phy_i/btle_rx_i/genblk1[4].btle_rx_core_i/gfsk_demodulation_i/signal_for_decision_reg_reg1__1/B[17:0] is not pipelined. Pipelining DSP48 input will improve performance.
Related violations: <none>

DPIP-1#51 Warning
Input pipelining  
DSP i_system_wrapper/system_i/btle_controller_0/inst/btle_phy_i/btle_rx_i/genblk1[4].btle_rx_core_i/gfsk_demodulation_i/signal_for_decision_reg_reg1__2 input i_system_wrapper/system_i/btle_controller_0/inst/btle_phy_i/btle_rx_i/genblk1[4].btle_rx_core_i/gfsk_demodulation_i/signal_for_decision_reg_reg1__2/A[29:0] is not pipelined. Pipelining DSP48 input will improve performance.
Related violations: <none>

DPIP-1#52 Warning
Input pipelining  
DSP i_system_wrapper/system_i/btle_controller_0/inst/btle_phy_i/btle_rx_i/genblk1[4].btle_rx_core_i/gfsk_demodulation_i/signal_for_decision_reg_reg1__2 input i_system_wrapper/system_i/btle_controller_0/inst/btle_phy_i/btle_rx_i/genblk1[4].btle_rx_core_i/gfsk_demodulation_i/signal_for_decision_reg_reg1__2/B[17:0] is not pipelined. Pipelining DSP48 input will improve performance.
Related violations: <none>

DPIP-1#53 Warning
Input pipelining  
DSP i_system_wrapper/system_i/btle_controller_0/inst/btle_phy_i/btle_rx_i/genblk1[4].btle_rx_core_i/gfsk_demodulation_i/signal_for_decision_reg_reg1__3 input i_system_wrapper/system_i/btle_controller_0/inst/btle_phy_i/btle_rx_i/genblk1[4].btle_rx_core_i/gfsk_demodulation_i/signal_for_decision_reg_reg1__3/A[29:0] is not pipelined. Pipelining DSP48 input will improve performance.
Related violations: <none>

DPIP-1#54 Warning
Input pipelining  
DSP i_system_wrapper/system_i/btle_controller_0/inst/btle_phy_i/btle_rx_i/genblk1[4].btle_rx_core_i/gfsk_demodulation_i/signal_for_decision_reg_reg1__3 input i_system_wrapper/system_i/btle_controller_0/inst/btle_phy_i/btle_rx_i/genblk1[4].btle_rx_core_i/gfsk_demodulation_i/signal_for_decision_reg_reg1__3/B[17:0] is not pipelined. Pipelining DSP48 input will improve performance.
Related violations: <none>

DPIP-1#55 Warning
Input pipelining  
DSP i_system_wrapper/system_i/btle_controller_0/inst/btle_phy_i/btle_rx_i/genblk1[4].btle_rx_core_i/gfsk_demodulation_i/signal_for_decision_reg_reg1__4 input i_system_wrapper/system_i/btle_controller_0/inst/btle_phy_i/btle_rx_i/genblk1[4].btle_rx_core_i/gfsk_demodulation_i/signal_for_decision_reg_reg1__4/B[17:0] is not pipelined. Pipelining DSP48 input will improve performance.
Related violations: <none>

DPIP-1#56 Warning
Input pipelining  
DSP i_system_wrapper/system_i/btle_controller_0/inst/btle_phy_i/btle_rx_i/genblk1[5].btle_rx_core_i/gfsk_demodulation_i/signal_for_decision_reg_reg1 input i_system_wrapper/system_i/btle_controller_0/inst/btle_phy_i/btle_rx_i/genblk1[5].btle_rx_core_i/gfsk_demodulation_i/signal_for_decision_reg_reg1/A[29:0] is not pipelined. Pipelining DSP48 input will improve performance.
Related violations: <none>

DPIP-1#57 Warning
Input pipelining  
DSP i_system_wrapper/system_i/btle_controller_0/inst/btle_phy_i/btle_rx_i/genblk1[5].btle_rx_core_i/gfsk_demodulation_i/signal_for_decision_reg_reg1 input i_system_wrapper/system_i/btle_controller_0/inst/btle_phy_i/btle_rx_i/genblk1[5].btle_rx_core_i/gfsk_demodulation_i/signal_for_decision_reg_reg1/B[17:0] is not pipelined. Pipelining DSP48 input will improve performance.
Related violations: <none>

DPIP-1#58 Warning
Input pipelining  
DSP i_system_wrapper/system_i/btle_controller_0/inst/btle_phy_i/btle_rx_i/genblk1[5].btle_rx_core_i/gfsk_demodulation_i/signal_for_decision_reg_reg1__0 input i_system_wrapper/system_i/btle_controller_0/inst/btle_phy_i/btle_rx_i/genblk1[5].btle_rx_core_i/gfsk_demodulation_i/signal_for_decision_reg_reg1__0/A[29:0] is not pipelined. Pipelining DSP48 input will improve performance.
Related violations: <none>

DPIP-1#59 Warning
Input pipelining  
DSP i_system_wrapper/system_i/btle_controller_0/inst/btle_phy_i/btle_rx_i/genblk1[5].btle_rx_core_i/gfsk_demodulation_i/signal_for_decision_reg_reg1__0 input i_system_wrapper/system_i/btle_controller_0/inst/btle_phy_i/btle_rx_i/genblk1[5].btle_rx_core_i/gfsk_demodulation_i/signal_for_decision_reg_reg1__0/B[17:0] is not pipelined. Pipelining DSP48 input will improve performance.
Related violations: <none>

DPIP-1#60 Warning
Input pipelining  
DSP i_system_wrapper/system_i/btle_controller_0/inst/btle_phy_i/btle_rx_i/genblk1[5].btle_rx_core_i/gfsk_demodulation_i/signal_for_decision_reg_reg1__1 input i_system_wrapper/system_i/btle_controller_0/inst/btle_phy_i/btle_rx_i/genblk1[5].btle_rx_core_i/gfsk_demodulation_i/signal_for_decision_reg_reg1__1/A[29:0] is not pipelined. Pipelining DSP48 input will improve performance.
Related violations: <none>

DPIP-1#61 Warning
Input pipelining  
DSP i_system_wrapper/system_i/btle_controller_0/inst/btle_phy_i/btle_rx_i/genblk1[5].btle_rx_core_i/gfsk_demodulation_i/signal_for_decision_reg_reg1__1 input i_system_wrapper/system_i/btle_controller_0/inst/btle_phy_i/btle_rx_i/genblk1[5].btle_rx_core_i/gfsk_demodulation_i/signal_for_decision_reg_reg1__1/B[17:0] is not pipelined. Pipelining DSP48 input will improve performance.
Related violations: <none>

DPIP-1#62 Warning
Input pipelining  
DSP i_system_wrapper/system_i/btle_controller_0/inst/btle_phy_i/btle_rx_i/genblk1[5].btle_rx_core_i/gfsk_demodulation_i/signal_for_decision_reg_reg1__2 input i_system_wrapper/system_i/btle_controller_0/inst/btle_phy_i/btle_rx_i/genblk1[5].btle_rx_core_i/gfsk_demodulation_i/signal_for_decision_reg_reg1__2/A[29:0] is not pipelined. Pipelining DSP48 input will improve performance.
Related violations: <none>

DPIP-1#63 Warning
Input pipelining  
DSP i_system_wrapper/system_i/btle_controller_0/inst/btle_phy_i/btle_rx_i/genblk1[5].btle_rx_core_i/gfsk_demodulation_i/signal_for_decision_reg_reg1__2 input i_system_wrapper/system_i/btle_controller_0/inst/btle_phy_i/btle_rx_i/genblk1[5].btle_rx_core_i/gfsk_demodulation_i/signal_for_decision_reg_reg1__2/B[17:0] is not pipelined. Pipelining DSP48 input will improve performance.
Related violations: <none>

DPIP-1#64 Warning
Input pipelining  
DSP i_system_wrapper/system_i/btle_controller_0/inst/btle_phy_i/btle_rx_i/genblk1[5].btle_rx_core_i/gfsk_demodulation_i/signal_for_decision_reg_reg1__3 input i_system_wrapper/system_i/btle_controller_0/inst/btle_phy_i/btle_rx_i/genblk1[5].btle_rx_core_i/gfsk_demodulation_i/signal_for_decision_reg_reg1__3/A[29:0] is not pipelined. Pipelining DSP48 input will improve performance.
Related violations: <none>

DPIP-1#65 Warning
Input pipelining  
DSP i_system_wrapper/system_i/btle_controller_0/inst/btle_phy_i/btle_rx_i/genblk1[5].btle_rx_core_i/gfsk_demodulation_i/signal_for_decision_reg_reg1__3 input i_system_wrapper/system_i/btle_controller_0/inst/btle_phy_i/btle_rx_i/genblk1[5].btle_rx_core_i/gfsk_demodulation_i/signal_for_decision_reg_reg1__3/B[17:0] is not pipelined. Pipelining DSP48 input will improve performance.
Related violations: <none>

DPIP-1#66 Warning
Input pipelining  
DSP i_system_wrapper/system_i/btle_controller_0/inst/btle_phy_i/btle_rx_i/genblk1[5].btle_rx_core_i/gfsk_demodulation_i/signal_for_decision_reg_reg1__4 input i_system_wrapper/system_i/btle_controller_0/inst/btle_phy_i/btle_rx_i/genblk1[5].btle_rx_core_i/gfsk_demodulation_i/signal_for_decision_reg_reg1__4/B[17:0] is not pipelined. Pipelining DSP48 input will improve performance.
Related violations: <none>

DPIP-1#67 Warning
Input pipelining  
DSP i_system_wrapper/system_i/btle_controller_0/inst/btle_phy_i/btle_rx_i/genblk1[6].btle_rx_core_i/gfsk_demodulation_i/signal_for_decision_reg_reg1 input i_system_wrapper/system_i/btle_controller_0/inst/btle_phy_i/btle_rx_i/genblk1[6].btle_rx_core_i/gfsk_demodulation_i/signal_for_decision_reg_reg1/A[29:0] is not pipelined. Pipelining DSP48 input will improve performance.
Related violations: <none>

DPIP-1#68 Warning
Input pipelining  
DSP i_system_wrapper/system_i/btle_controller_0/inst/btle_phy_i/btle_rx_i/genblk1[6].btle_rx_core_i/gfsk_demodulation_i/signal_for_decision_reg_reg1 input i_system_wrapper/system_i/btle_controller_0/inst/btle_phy_i/btle_rx_i/genblk1[6].btle_rx_core_i/gfsk_demodulation_i/signal_for_decision_reg_reg1/B[17:0] is not pipelined. Pipelining DSP48 input will improve performance.
Related violations: <none>

DPIP-1#69 Warning
Input pipelining  
DSP i_system_wrapper/system_i/btle_controller_0/inst/btle_phy_i/btle_rx_i/genblk1[6].btle_rx_core_i/gfsk_demodulation_i/signal_for_decision_reg_reg1__0 input i_system_wrapper/system_i/btle_controller_0/inst/btle_phy_i/btle_rx_i/genblk1[6].btle_rx_core_i/gfsk_demodulation_i/signal_for_decision_reg_reg1__0/A[29:0] is not pipelined. Pipelining DSP48 input will improve performance.
Related violations: <none>

DPIP-1#70 Warning
Input pipelining  
DSP i_system_wrapper/system_i/btle_controller_0/inst/btle_phy_i/btle_rx_i/genblk1[6].btle_rx_core_i/gfsk_demodulation_i/signal_for_decision_reg_reg1__0 input i_system_wrapper/system_i/btle_controller_0/inst/btle_phy_i/btle_rx_i/genblk1[6].btle_rx_core_i/gfsk_demodulation_i/signal_for_decision_reg_reg1__0/B[17:0] is not pipelined. Pipelining DSP48 input will improve performance.
Related violations: <none>

DPIP-1#71 Warning
Input pipelining  
DSP i_system_wrapper/system_i/btle_controller_0/inst/btle_phy_i/btle_rx_i/genblk1[6].btle_rx_core_i/gfsk_demodulation_i/signal_for_decision_reg_reg1__1 input i_system_wrapper/system_i/btle_controller_0/inst/btle_phy_i/btle_rx_i/genblk1[6].btle_rx_core_i/gfsk_demodulation_i/signal_for_decision_reg_reg1__1/A[29:0] is not pipelined. Pipelining DSP48 input will improve performance.
Related violations: <none>

DPIP-1#72 Warning
Input pipelining  
DSP i_system_wrapper/system_i/btle_controller_0/inst/btle_phy_i/btle_rx_i/genblk1[6].btle_rx_core_i/gfsk_demodulation_i/signal_for_decision_reg_reg1__1 input i_system_wrapper/system_i/btle_controller_0/inst/btle_phy_i/btle_rx_i/genblk1[6].btle_rx_core_i/gfsk_demodulation_i/signal_for_decision_reg_reg1__1/B[17:0] is not pipelined. Pipelining DSP48 input will improve performance.
Related violations: <none>

DPIP-1#73 Warning
Input pipelining  
DSP i_system_wrapper/system_i/btle_controller_0/inst/btle_phy_i/btle_rx_i/genblk1[6].btle_rx_core_i/gfsk_demodulation_i/signal_for_decision_reg_reg1__2 input i_system_wrapper/system_i/btle_controller_0/inst/btle_phy_i/btle_rx_i/genblk1[6].btle_rx_core_i/gfsk_demodulation_i/signal_for_decision_reg_reg1__2/A[29:0] is not pipelined. Pipelining DSP48 input will improve performance.
Related violations: <none>

DPIP-1#74 Warning
Input pipelining  
DSP i_system_wrapper/system_i/btle_controller_0/inst/btle_phy_i/btle_rx_i/genblk1[6].btle_rx_core_i/gfsk_demodulation_i/signal_for_decision_reg_reg1__2 input i_system_wrapper/system_i/btle_controller_0/inst/btle_phy_i/btle_rx_i/genblk1[6].btle_rx_core_i/gfsk_demodulation_i/signal_for_decision_reg_reg1__2/B[17:0] is not pipelined. Pipelining DSP48 input will improve performance.
Related violations: <none>

DPIP-1#75 Warning
Input pipelining  
DSP i_system_wrapper/system_i/btle_controller_0/inst/btle_phy_i/btle_rx_i/genblk1[6].btle_rx_core_i/gfsk_demodulation_i/signal_for_decision_reg_reg1__3 input i_system_wrapper/system_i/btle_controller_0/inst/btle_phy_i/btle_rx_i/genblk1[6].btle_rx_core_i/gfsk_demodulation_i/signal_for_decision_reg_reg1__3/A[29:0] is not pipelined. Pipelining DSP48 input will improve performance.
Related violations: <none>

DPIP-1#76 Warning
Input pipelining  
DSP i_system_wrapper/system_i/btle_controller_0/inst/btle_phy_i/btle_rx_i/genblk1[6].btle_rx_core_i/gfsk_demodulation_i/signal_for_decision_reg_reg1__3 input i_system_wrapper/system_i/btle_controller_0/inst/btle_phy_i/btle_rx_i/genblk1[6].btle_rx_core_i/gfsk_demodulation_i/signal_for_decision_reg_reg1__3/B[17:0] is not pipelined. Pipelining DSP48 input will improve performance.
Related violations: <none>

DPIP-1#77 Warning
Input pipelining  
DSP i_system_wrapper/system_i/btle_controller_0/inst/btle_phy_i/btle_rx_i/genblk1[6].btle_rx_core_i/gfsk_demodulation_i/signal_for_decision_reg_reg1__4 input i_system_wrapper/system_i/btle_controller_0/inst/btle_phy_i/btle_rx_i/genblk1[6].btle_rx_core_i/gfsk_demodulation_i/signal_for_decision_reg_reg1__4/B[17:0] is not pipelined. Pipelining DSP48 input will improve performance.
Related violations: <none>

DPIP-1#78 Warning
Input pipelining  
DSP i_system_wrapper/system_i/btle_controller_0/inst/btle_phy_i/btle_rx_i/genblk1[7].btle_rx_core_i/gfsk_demodulation_i/signal_for_decision_reg_reg1 input i_system_wrapper/system_i/btle_controller_0/inst/btle_phy_i/btle_rx_i/genblk1[7].btle_rx_core_i/gfsk_demodulation_i/signal_for_decision_reg_reg1/A[29:0] is not pipelined. Pipelining DSP48 input will improve performance.
Related violations: <none>

DPIP-1#79 Warning
Input pipelining  
DSP i_system_wrapper/system_i/btle_controller_0/inst/btle_phy_i/btle_rx_i/genblk1[7].btle_rx_core_i/gfsk_demodulation_i/signal_for_decision_reg_reg1 input i_system_wrapper/system_i/btle_controller_0/inst/btle_phy_i/btle_rx_i/genblk1[7].btle_rx_core_i/gfsk_demodulation_i/signal_for_decision_reg_reg1/B[17:0] is not pipelined. Pipelining DSP48 input will improve performance.
Related violations: <none>

DPIP-1#80 Warning
Input pipelining  
DSP i_system_wrapper/system_i/btle_controller_0/inst/btle_phy_i/btle_rx_i/genblk1[7].btle_rx_core_i/gfsk_demodulation_i/signal_for_decision_reg_reg1__0 input i_system_wrapper/system_i/btle_controller_0/inst/btle_phy_i/btle_rx_i/genblk1[7].btle_rx_core_i/gfsk_demodulation_i/signal_for_decision_reg_reg1__0/A[29:0] is not pipelined. Pipelining DSP48 input will improve performance.
Related violations: <none>

DPIP-1#81 Warning
Input pipelining  
DSP i_system_wrapper/system_i/btle_controller_0/inst/btle_phy_i/btle_rx_i/genblk1[7].btle_rx_core_i/gfsk_demodulation_i/signal_for_decision_reg_reg1__0 input i_system_wrapper/system_i/btle_controller_0/inst/btle_phy_i/btle_rx_i/genblk1[7].btle_rx_core_i/gfsk_demodulation_i/signal_for_decision_reg_reg1__0/B[17:0] is not pipelined. Pipelining DSP48 input will improve performance.
Related violations: <none>

DPIP-1#82 Warning
Input pipelining  
DSP i_system_wrapper/system_i/btle_controller_0/inst/btle_phy_i/btle_rx_i/genblk1[7].btle_rx_core_i/gfsk_demodulation_i/signal_for_decision_reg_reg1__1 input i_system_wrapper/system_i/btle_controller_0/inst/btle_phy_i/btle_rx_i/genblk1[7].btle_rx_core_i/gfsk_demodulation_i/signal_for_decision_reg_reg1__1/A[29:0] is not pipelined. Pipelining DSP48 input will improve performance.
Related violations: <none>

DPIP-1#83 Warning
Input pipelining  
DSP i_system_wrapper/system_i/btle_controller_0/inst/btle_phy_i/btle_rx_i/genblk1[7].btle_rx_core_i/gfsk_demodulation_i/signal_for_decision_reg_reg1__1 input i_system_wrapper/system_i/btle_controller_0/inst/btle_phy_i/btle_rx_i/genblk1[7].btle_rx_core_i/gfsk_demodulation_i/signal_for_decision_reg_reg1__1/B[17:0] is not pipelined. Pipelining DSP48 input will improve performance.
Related violations: <none>

DPIP-1#84 Warning
Input pipelining  
DSP i_system_wrapper/system_i/btle_controller_0/inst/btle_phy_i/btle_rx_i/genblk1[7].btle_rx_core_i/gfsk_demodulation_i/signal_for_decision_reg_reg1__2 input i_system_wrapper/system_i/btle_controller_0/inst/btle_phy_i/btle_rx_i/genblk1[7].btle_rx_core_i/gfsk_demodulation_i/signal_for_decision_reg_reg1__2/A[29:0] is not pipelined. Pipelining DSP48 input will improve performance.
Related violations: <none>

DPIP-1#85 Warning
Input pipelining  
DSP i_system_wrapper/system_i/btle_controller_0/inst/btle_phy_i/btle_rx_i/genblk1[7].btle_rx_core_i/gfsk_demodulation_i/signal_for_decision_reg_reg1__2 input i_system_wrapper/system_i/btle_controller_0/inst/btle_phy_i/btle_rx_i/genblk1[7].btle_rx_core_i/gfsk_demodulation_i/signal_for_decision_reg_reg1__2/B[17:0] is not pipelined. Pipelining DSP48 input will improve performance.
Related violations: <none>

DPIP-1#86 Warning
Input pipelining  
DSP i_system_wrapper/system_i/btle_controller_0/inst/btle_phy_i/btle_rx_i/genblk1[7].btle_rx_core_i/gfsk_demodulation_i/signal_for_decision_reg_reg1__3 input i_system_wrapper/system_i/btle_controller_0/inst/btle_phy_i/btle_rx_i/genblk1[7].btle_rx_core_i/gfsk_demodulation_i/signal_for_decision_reg_reg1__3/A[29:0] is not pipelined. Pipelining DSP48 input will improve performance.
Related violations: <none>

DPIP-1#87 Warning
Input pipelining  
DSP i_system_wrapper/system_i/btle_controller_0/inst/btle_phy_i/btle_rx_i/genblk1[7].btle_rx_core_i/gfsk_demodulation_i/signal_for_decision_reg_reg1__3 input i_system_wrapper/system_i/btle_controller_0/inst/btle_phy_i/btle_rx_i/genblk1[7].btle_rx_core_i/gfsk_demodulation_i/signal_for_decision_reg_reg1__3/B[17:0] is not pipelined. Pipelining DSP48 input will improve performance.
Related violations: <none>

DPIP-1#88 Warning
Input pipelining  
DSP i_system_wrapper/system_i/btle_controller_0/inst/btle_phy_i/btle_rx_i/genblk1[7].btle_rx_core_i/gfsk_demodulation_i/signal_for_decision_reg_reg1__4 input i_system_wrapper/system_i/btle_controller_0/inst/btle_phy_i/btle_rx_i/genblk1[7].btle_rx_core_i/gfsk_demodulation_i/signal_for_decision_reg_reg1__4/B[17:0] is not pipelined. Pipelining DSP48 input will improve performance.
Related violations: <none>

DPOP-1#1 Warning
PREG Output pipelining  
DSP i_system_wrapper/system_i/btle_controller_0/inst/btle_phy_i/btle_rx_i/genblk1[0].btle_rx_core_i/gfsk_demodulation_i/signal_for_decision_reg_reg1 output i_system_wrapper/system_i/btle_controller_0/inst/btle_phy_i/btle_rx_i/genblk1[0].btle_rx_core_i/gfsk_demodulation_i/signal_for_decision_reg_reg1/P[47:0] is not pipelined (PREG=0). Pipelining the DSP48 output will improve performance and often saves power so it is suggested whenever possible to fully pipeline this function.  If this DSP48 function was inferred, it is suggested to describe an additional register stage after this function.  If the DSP48 was instantiated in the design, it is suggested to set the PREG attribute to 1.
Related violations: <none>

DPOP-1#2 Warning
PREG Output pipelining  
DSP i_system_wrapper/system_i/btle_controller_0/inst/btle_phy_i/btle_rx_i/genblk1[0].btle_rx_core_i/gfsk_demodulation_i/signal_for_decision_reg_reg1__0 output i_system_wrapper/system_i/btle_controller_0/inst/btle_phy_i/btle_rx_i/genblk1[0].btle_rx_core_i/gfsk_demodulation_i/signal_for_decision_reg_reg1__0/P[47:0] is not pipelined (PREG=0). Pipelining the DSP48 output will improve performance and often saves power so it is suggested whenever possible to fully pipeline this function.  If this DSP48 function was inferred, it is suggested to describe an additional register stage after this function.  If the DSP48 was instantiated in the design, it is suggested to set the PREG attribute to 1.
Related violations: <none>

DPOP-1#3 Warning
PREG Output pipelining  
DSP i_system_wrapper/system_i/btle_controller_0/inst/btle_phy_i/btle_rx_i/genblk1[0].btle_rx_core_i/gfsk_demodulation_i/signal_for_decision_reg_reg1__1 output i_system_wrapper/system_i/btle_controller_0/inst/btle_phy_i/btle_rx_i/genblk1[0].btle_rx_core_i/gfsk_demodulation_i/signal_for_decision_reg_reg1__1/P[47:0] is not pipelined (PREG=0). Pipelining the DSP48 output will improve performance and often saves power so it is suggested whenever possible to fully pipeline this function.  If this DSP48 function was inferred, it is suggested to describe an additional register stage after this function.  If the DSP48 was instantiated in the design, it is suggested to set the PREG attribute to 1.
Related violations: <none>

DPOP-1#4 Warning
PREG Output pipelining  
DSP i_system_wrapper/system_i/btle_controller_0/inst/btle_phy_i/btle_rx_i/genblk1[0].btle_rx_core_i/gfsk_demodulation_i/signal_for_decision_reg_reg1__2 output i_system_wrapper/system_i/btle_controller_0/inst/btle_phy_i/btle_rx_i/genblk1[0].btle_rx_core_i/gfsk_demodulation_i/signal_for_decision_reg_reg1__2/P[47:0] is not pipelined (PREG=0). Pipelining the DSP48 output will improve performance and often saves power so it is suggested whenever possible to fully pipeline this function.  If this DSP48 function was inferred, it is suggested to describe an additional register stage after this function.  If the DSP48 was instantiated in the design, it is suggested to set the PREG attribute to 1.
Related violations: <none>

DPOP-1#5 Warning
PREG Output pipelining  
DSP i_system_wrapper/system_i/btle_controller_0/inst/btle_phy_i/btle_rx_i/genblk1[0].btle_rx_core_i/gfsk_demodulation_i/signal_for_decision_reg_reg1__3 output i_system_wrapper/system_i/btle_controller_0/inst/btle_phy_i/btle_rx_i/genblk1[0].btle_rx_core_i/gfsk_demodulation_i/signal_for_decision_reg_reg1__3/P[47:0] is not pipelined (PREG=0). Pipelining the DSP48 output will improve performance and often saves power so it is suggested whenever possible to fully pipeline this function.  If this DSP48 function was inferred, it is suggested to describe an additional register stage after this function.  If the DSP48 was instantiated in the design, it is suggested to set the PREG attribute to 1.
Related violations: <none>

DPOP-1#6 Warning
PREG Output pipelining  
DSP i_system_wrapper/system_i/btle_controller_0/inst/btle_phy_i/btle_rx_i/genblk1[0].btle_rx_core_i/gfsk_demodulation_i/signal_for_decision_reg_reg1__4 output i_system_wrapper/system_i/btle_controller_0/inst/btle_phy_i/btle_rx_i/genblk1[0].btle_rx_core_i/gfsk_demodulation_i/signal_for_decision_reg_reg1__4/P[47:0] is not pipelined (PREG=0). Pipelining the DSP48 output will improve performance and often saves power so it is suggested whenever possible to fully pipeline this function.  If this DSP48 function was inferred, it is suggested to describe an additional register stage after this function.  If the DSP48 was instantiated in the design, it is suggested to set the PREG attribute to 1.
Related violations: <none>

DPOP-1#7 Warning
PREG Output pipelining  
DSP i_system_wrapper/system_i/btle_controller_0/inst/btle_phy_i/btle_rx_i/genblk1[1].btle_rx_core_i/gfsk_demodulation_i/signal_for_decision_reg_reg1 output i_system_wrapper/system_i/btle_controller_0/inst/btle_phy_i/btle_rx_i/genblk1[1].btle_rx_core_i/gfsk_demodulation_i/signal_for_decision_reg_reg1/P[47:0] is not pipelined (PREG=0). Pipelining the DSP48 output will improve performance and often saves power so it is suggested whenever possible to fully pipeline this function.  If this DSP48 function was inferred, it is suggested to describe an additional register stage after this function.  If the DSP48 was instantiated in the design, it is suggested to set the PREG attribute to 1.
Related violations: <none>

DPOP-1#8 Warning
PREG Output pipelining  
DSP i_system_wrapper/system_i/btle_controller_0/inst/btle_phy_i/btle_rx_i/genblk1[1].btle_rx_core_i/gfsk_demodulation_i/signal_for_decision_reg_reg1__0 output i_system_wrapper/system_i/btle_controller_0/inst/btle_phy_i/btle_rx_i/genblk1[1].btle_rx_core_i/gfsk_demodulation_i/signal_for_decision_reg_reg1__0/P[47:0] is not pipelined (PREG=0). Pipelining the DSP48 output will improve performance and often saves power so it is suggested whenever possible to fully pipeline this function.  If this DSP48 function was inferred, it is suggested to describe an additional register stage after this function.  If the DSP48 was instantiated in the design, it is suggested to set the PREG attribute to 1.
Related violations: <none>

DPOP-1#9 Warning
PREG Output pipelining  
DSP i_system_wrapper/system_i/btle_controller_0/inst/btle_phy_i/btle_rx_i/genblk1[1].btle_rx_core_i/gfsk_demodulation_i/signal_for_decision_reg_reg1__1 output i_system_wrapper/system_i/btle_controller_0/inst/btle_phy_i/btle_rx_i/genblk1[1].btle_rx_core_i/gfsk_demodulation_i/signal_for_decision_reg_reg1__1/P[47:0] is not pipelined (PREG=0). Pipelining the DSP48 output will improve performance and often saves power so it is suggested whenever possible to fully pipeline this function.  If this DSP48 function was inferred, it is suggested to describe an additional register stage after this function.  If the DSP48 was instantiated in the design, it is suggested to set the PREG attribute to 1.
Related violations: <none>

DPOP-1#10 Warning
PREG Output pipelining  
DSP i_system_wrapper/system_i/btle_controller_0/inst/btle_phy_i/btle_rx_i/genblk1[1].btle_rx_core_i/gfsk_demodulation_i/signal_for_decision_reg_reg1__2 output i_system_wrapper/system_i/btle_controller_0/inst/btle_phy_i/btle_rx_i/genblk1[1].btle_rx_core_i/gfsk_demodulation_i/signal_for_decision_reg_reg1__2/P[47:0] is not pipelined (PREG=0). Pipelining the DSP48 output will improve performance and often saves power so it is suggested whenever possible to fully pipeline this function.  If this DSP48 function was inferred, it is suggested to describe an additional register stage after this function.  If the DSP48 was instantiated in the design, it is suggested to set the PREG attribute to 1.
Related violations: <none>

DPOP-1#11 Warning
PREG Output pipelining  
DSP i_system_wrapper/system_i/btle_controller_0/inst/btle_phy_i/btle_rx_i/genblk1[1].btle_rx_core_i/gfsk_demodulation_i/signal_for_decision_reg_reg1__3 output i_system_wrapper/system_i/btle_controller_0/inst/btle_phy_i/btle_rx_i/genblk1[1].btle_rx_core_i/gfsk_demodulation_i/signal_for_decision_reg_reg1__3/P[47:0] is not pipelined (PREG=0). Pipelining the DSP48 output will improve performance and often saves power so it is suggested whenever possible to fully pipeline this function.  If this DSP48 function was inferred, it is suggested to describe an additional register stage after this function.  If the DSP48 was instantiated in the design, it is suggested to set the PREG attribute to 1.
Related violations: <none>

DPOP-1#12 Warning
PREG Output pipelining  
DSP i_system_wrapper/system_i/btle_controller_0/inst/btle_phy_i/btle_rx_i/genblk1[1].btle_rx_core_i/gfsk_demodulation_i/signal_for_decision_reg_reg1__4 output i_system_wrapper/system_i/btle_controller_0/inst/btle_phy_i/btle_rx_i/genblk1[1].btle_rx_core_i/gfsk_demodulation_i/signal_for_decision_reg_reg1__4/P[47:0] is not pipelined (PREG=0). Pipelining the DSP48 output will improve performance and often saves power so it is suggested whenever possible to fully pipeline this function.  If this DSP48 function was inferred, it is suggested to describe an additional register stage after this function.  If the DSP48 was instantiated in the design, it is suggested to set the PREG attribute to 1.
Related violations: <none>

DPOP-1#13 Warning
PREG Output pipelining  
DSP i_system_wrapper/system_i/btle_controller_0/inst/btle_phy_i/btle_rx_i/genblk1[2].btle_rx_core_i/gfsk_demodulation_i/signal_for_decision_reg_reg1 output i_system_wrapper/system_i/btle_controller_0/inst/btle_phy_i/btle_rx_i/genblk1[2].btle_rx_core_i/gfsk_demodulation_i/signal_for_decision_reg_reg1/P[47:0] is not pipelined (PREG=0). Pipelining the DSP48 output will improve performance and often saves power so it is suggested whenever possible to fully pipeline this function.  If this DSP48 function was inferred, it is suggested to describe an additional register stage after this function.  If the DSP48 was instantiated in the design, it is suggested to set the PREG attribute to 1.
Related violations: <none>

DPOP-1#14 Warning
PREG Output pipelining  
DSP i_system_wrapper/system_i/btle_controller_0/inst/btle_phy_i/btle_rx_i/genblk1[2].btle_rx_core_i/gfsk_demodulation_i/signal_for_decision_reg_reg1__0 output i_system_wrapper/system_i/btle_controller_0/inst/btle_phy_i/btle_rx_i/genblk1[2].btle_rx_core_i/gfsk_demodulation_i/signal_for_decision_reg_reg1__0/P[47:0] is not pipelined (PREG=0). Pipelining the DSP48 output will improve performance and often saves power so it is suggested whenever possible to fully pipeline this function.  If this DSP48 function was inferred, it is suggested to describe an additional register stage after this function.  If the DSP48 was instantiated in the design, it is suggested to set the PREG attribute to 1.
Related violations: <none>

DPOP-1#15 Warning
PREG Output pipelining  
DSP i_system_wrapper/system_i/btle_controller_0/inst/btle_phy_i/btle_rx_i/genblk1[2].btle_rx_core_i/gfsk_demodulation_i/signal_for_decision_reg_reg1__1 output i_system_wrapper/system_i/btle_controller_0/inst/btle_phy_i/btle_rx_i/genblk1[2].btle_rx_core_i/gfsk_demodulation_i/signal_for_decision_reg_reg1__1/P[47:0] is not pipelined (PREG=0). Pipelining the DSP48 output will improve performance and often saves power so it is suggested whenever possible to fully pipeline this function.  If this DSP48 function was inferred, it is suggested to describe an additional register stage after this function.  If the DSP48 was instantiated in the design, it is suggested to set the PREG attribute to 1.
Related violations: <none>

DPOP-1#16 Warning
PREG Output pipelining  
DSP i_system_wrapper/system_i/btle_controller_0/inst/btle_phy_i/btle_rx_i/genblk1[2].btle_rx_core_i/gfsk_demodulation_i/signal_for_decision_reg_reg1__2 output i_system_wrapper/system_i/btle_controller_0/inst/btle_phy_i/btle_rx_i/genblk1[2].btle_rx_core_i/gfsk_demodulation_i/signal_for_decision_reg_reg1__2/P[47:0] is not pipelined (PREG=0). Pipelining the DSP48 output will improve performance and often saves power so it is suggested whenever possible to fully pipeline this function.  If this DSP48 function was inferred, it is suggested to describe an additional register stage after this function.  If the DSP48 was instantiated in the design, it is suggested to set the PREG attribute to 1.
Related violations: <none>

DPOP-1#17 Warning
PREG Output pipelining  
DSP i_system_wrapper/system_i/btle_controller_0/inst/btle_phy_i/btle_rx_i/genblk1[2].btle_rx_core_i/gfsk_demodulation_i/signal_for_decision_reg_reg1__3 output i_system_wrapper/system_i/btle_controller_0/inst/btle_phy_i/btle_rx_i/genblk1[2].btle_rx_core_i/gfsk_demodulation_i/signal_for_decision_reg_reg1__3/P[47:0] is not pipelined (PREG=0). Pipelining the DSP48 output will improve performance and often saves power so it is suggested whenever possible to fully pipeline this function.  If this DSP48 function was inferred, it is suggested to describe an additional register stage after this function.  If the DSP48 was instantiated in the design, it is suggested to set the PREG attribute to 1.
Related violations: <none>

DPOP-1#18 Warning
PREG Output pipelining  
DSP i_system_wrapper/system_i/btle_controller_0/inst/btle_phy_i/btle_rx_i/genblk1[2].btle_rx_core_i/gfsk_demodulation_i/signal_for_decision_reg_reg1__4 output i_system_wrapper/system_i/btle_controller_0/inst/btle_phy_i/btle_rx_i/genblk1[2].btle_rx_core_i/gfsk_demodulation_i/signal_for_decision_reg_reg1__4/P[47:0] is not pipelined (PREG=0). Pipelining the DSP48 output will improve performance and often saves power so it is suggested whenever possible to fully pipeline this function.  If this DSP48 function was inferred, it is suggested to describe an additional register stage after this function.  If the DSP48 was instantiated in the design, it is suggested to set the PREG attribute to 1.
Related violations: <none>

DPOP-1#19 Warning
PREG Output pipelining  
DSP i_system_wrapper/system_i/btle_controller_0/inst/btle_phy_i/btle_rx_i/genblk1[3].btle_rx_core_i/gfsk_demodulation_i/signal_for_decision_reg_reg1 output i_system_wrapper/system_i/btle_controller_0/inst/btle_phy_i/btle_rx_i/genblk1[3].btle_rx_core_i/gfsk_demodulation_i/signal_for_decision_reg_reg1/P[47:0] is not pipelined (PREG=0). Pipelining the DSP48 output will improve performance and often saves power so it is suggested whenever possible to fully pipeline this function.  If this DSP48 function was inferred, it is suggested to describe an additional register stage after this function.  If the DSP48 was instantiated in the design, it is suggested to set the PREG attribute to 1.
Related violations: <none>

DPOP-1#20 Warning
PREG Output pipelining  
DSP i_system_wrapper/system_i/btle_controller_0/inst/btle_phy_i/btle_rx_i/genblk1[3].btle_rx_core_i/gfsk_demodulation_i/signal_for_decision_reg_reg1__0 output i_system_wrapper/system_i/btle_controller_0/inst/btle_phy_i/btle_rx_i/genblk1[3].btle_rx_core_i/gfsk_demodulation_i/signal_for_decision_reg_reg1__0/P[47:0] is not pipelined (PREG=0). Pipelining the DSP48 output will improve performance and often saves power so it is suggested whenever possible to fully pipeline this function.  If this DSP48 function was inferred, it is suggested to describe an additional register stage after this function.  If the DSP48 was instantiated in the design, it is suggested to set the PREG attribute to 1.
Related violations: <none>

DPOP-1#21 Warning
PREG Output pipelining  
DSP i_system_wrapper/system_i/btle_controller_0/inst/btle_phy_i/btle_rx_i/genblk1[3].btle_rx_core_i/gfsk_demodulation_i/signal_for_decision_reg_reg1__1 output i_system_wrapper/system_i/btle_controller_0/inst/btle_phy_i/btle_rx_i/genblk1[3].btle_rx_core_i/gfsk_demodulation_i/signal_for_decision_reg_reg1__1/P[47:0] is not pipelined (PREG=0). Pipelining the DSP48 output will improve performance and often saves power so it is suggested whenever possible to fully pipeline this function.  If this DSP48 function was inferred, it is suggested to describe an additional register stage after this function.  If the DSP48 was instantiated in the design, it is suggested to set the PREG attribute to 1.
Related violations: <none>

DPOP-1#22 Warning
PREG Output pipelining  
DSP i_system_wrapper/system_i/btle_controller_0/inst/btle_phy_i/btle_rx_i/genblk1[3].btle_rx_core_i/gfsk_demodulation_i/signal_for_decision_reg_reg1__2 output i_system_wrapper/system_i/btle_controller_0/inst/btle_phy_i/btle_rx_i/genblk1[3].btle_rx_core_i/gfsk_demodulation_i/signal_for_decision_reg_reg1__2/P[47:0] is not pipelined (PREG=0). Pipelining the DSP48 output will improve performance and often saves power so it is suggested whenever possible to fully pipeline this function.  If this DSP48 function was inferred, it is suggested to describe an additional register stage after this function.  If the DSP48 was instantiated in the design, it is suggested to set the PREG attribute to 1.
Related violations: <none>

DPOP-1#23 Warning
PREG Output pipelining  
DSP i_system_wrapper/system_i/btle_controller_0/inst/btle_phy_i/btle_rx_i/genblk1[3].btle_rx_core_i/gfsk_demodulation_i/signal_for_decision_reg_reg1__3 output i_system_wrapper/system_i/btle_controller_0/inst/btle_phy_i/btle_rx_i/genblk1[3].btle_rx_core_i/gfsk_demodulation_i/signal_for_decision_reg_reg1__3/P[47:0] is not pipelined (PREG=0). Pipelining the DSP48 output will improve performance and often saves power so it is suggested whenever possible to fully pipeline this function.  If this DSP48 function was inferred, it is suggested to describe an additional register stage after this function.  If the DSP48 was instantiated in the design, it is suggested to set the PREG attribute to 1.
Related violations: <none>

DPOP-1#24 Warning
PREG Output pipelining  
DSP i_system_wrapper/system_i/btle_controller_0/inst/btle_phy_i/btle_rx_i/genblk1[3].btle_rx_core_i/gfsk_demodulation_i/signal_for_decision_reg_reg1__4 output i_system_wrapper/system_i/btle_controller_0/inst/btle_phy_i/btle_rx_i/genblk1[3].btle_rx_core_i/gfsk_demodulation_i/signal_for_decision_reg_reg1__4/P[47:0] is not pipelined (PREG=0). Pipelining the DSP48 output will improve performance and often saves power so it is suggested whenever possible to fully pipeline this function.  If this DSP48 function was inferred, it is suggested to describe an additional register stage after this function.  If the DSP48 was instantiated in the design, it is suggested to set the PREG attribute to 1.
Related violations: <none>

DPOP-1#25 Warning
PREG Output pipelining  
DSP i_system_wrapper/system_i/btle_controller_0/inst/btle_phy_i/btle_rx_i/genblk1[4].btle_rx_core_i/gfsk_demodulation_i/signal_for_decision_reg_reg1 output i_system_wrapper/system_i/btle_controller_0/inst/btle_phy_i/btle_rx_i/genblk1[4].btle_rx_core_i/gfsk_demodulation_i/signal_for_decision_reg_reg1/P[47:0] is not pipelined (PREG=0). Pipelining the DSP48 output will improve performance and often saves power so it is suggested whenever possible to fully pipeline this function.  If this DSP48 function was inferred, it is suggested to describe an additional register stage after this function.  If the DSP48 was instantiated in the design, it is suggested to set the PREG attribute to 1.
Related violations: <none>

DPOP-1#26 Warning
PREG Output pipelining  
DSP i_system_wrapper/system_i/btle_controller_0/inst/btle_phy_i/btle_rx_i/genblk1[4].btle_rx_core_i/gfsk_demodulation_i/signal_for_decision_reg_reg1__0 output i_system_wrapper/system_i/btle_controller_0/inst/btle_phy_i/btle_rx_i/genblk1[4].btle_rx_core_i/gfsk_demodulation_i/signal_for_decision_reg_reg1__0/P[47:0] is not pipelined (PREG=0). Pipelining the DSP48 output will improve performance and often saves power so it is suggested whenever possible to fully pipeline this function.  If this DSP48 function was inferred, it is suggested to describe an additional register stage after this function.  If the DSP48 was instantiated in the design, it is suggested to set the PREG attribute to 1.
Related violations: <none>

DPOP-1#27 Warning
PREG Output pipelining  
DSP i_system_wrapper/system_i/btle_controller_0/inst/btle_phy_i/btle_rx_i/genblk1[4].btle_rx_core_i/gfsk_demodulation_i/signal_for_decision_reg_reg1__1 output i_system_wrapper/system_i/btle_controller_0/inst/btle_phy_i/btle_rx_i/genblk1[4].btle_rx_core_i/gfsk_demodulation_i/signal_for_decision_reg_reg1__1/P[47:0] is not pipelined (PREG=0). Pipelining the DSP48 output will improve performance and often saves power so it is suggested whenever possible to fully pipeline this function.  If this DSP48 function was inferred, it is suggested to describe an additional register stage after this function.  If the DSP48 was instantiated in the design, it is suggested to set the PREG attribute to 1.
Related violations: <none>

DPOP-1#28 Warning
PREG Output pipelining  
DSP i_system_wrapper/system_i/btle_controller_0/inst/btle_phy_i/btle_rx_i/genblk1[4].btle_rx_core_i/gfsk_demodulation_i/signal_for_decision_reg_reg1__2 output i_system_wrapper/system_i/btle_controller_0/inst/btle_phy_i/btle_rx_i/genblk1[4].btle_rx_core_i/gfsk_demodulation_i/signal_for_decision_reg_reg1__2/P[47:0] is not pipelined (PREG=0). Pipelining the DSP48 output will improve performance and often saves power so it is suggested whenever possible to fully pipeline this function.  If this DSP48 function was inferred, it is suggested to describe an additional register stage after this function.  If the DSP48 was instantiated in the design, it is suggested to set the PREG attribute to 1.
Related violations: <none>

DPOP-1#29 Warning
PREG Output pipelining  
DSP i_system_wrapper/system_i/btle_controller_0/inst/btle_phy_i/btle_rx_i/genblk1[4].btle_rx_core_i/gfsk_demodulation_i/signal_for_decision_reg_reg1__3 output i_system_wrapper/system_i/btle_controller_0/inst/btle_phy_i/btle_rx_i/genblk1[4].btle_rx_core_i/gfsk_demodulation_i/signal_for_decision_reg_reg1__3/P[47:0] is not pipelined (PREG=0). Pipelining the DSP48 output will improve performance and often saves power so it is suggested whenever possible to fully pipeline this function.  If this DSP48 function was inferred, it is suggested to describe an additional register stage after this function.  If the DSP48 was instantiated in the design, it is suggested to set the PREG attribute to 1.
Related violations: <none>

DPOP-1#30 Warning
PREG Output pipelining  
DSP i_system_wrapper/system_i/btle_controller_0/inst/btle_phy_i/btle_rx_i/genblk1[4].btle_rx_core_i/gfsk_demodulation_i/signal_for_decision_reg_reg1__4 output i_system_wrapper/system_i/btle_controller_0/inst/btle_phy_i/btle_rx_i/genblk1[4].btle_rx_core_i/gfsk_demodulation_i/signal_for_decision_reg_reg1__4/P[47:0] is not pipelined (PREG=0). Pipelining the DSP48 output will improve performance and often saves power so it is suggested whenever possible to fully pipeline this function.  If this DSP48 function was inferred, it is suggested to describe an additional register stage after this function.  If the DSP48 was instantiated in the design, it is suggested to set the PREG attribute to 1.
Related violations: <none>

DPOP-1#31 Warning
PREG Output pipelining  
DSP i_system_wrapper/system_i/btle_controller_0/inst/btle_phy_i/btle_rx_i/genblk1[5].btle_rx_core_i/gfsk_demodulation_i/signal_for_decision_reg_reg1 output i_system_wrapper/system_i/btle_controller_0/inst/btle_phy_i/btle_rx_i/genblk1[5].btle_rx_core_i/gfsk_demodulation_i/signal_for_decision_reg_reg1/P[47:0] is not pipelined (PREG=0). Pipelining the DSP48 output will improve performance and often saves power so it is suggested whenever possible to fully pipeline this function.  If this DSP48 function was inferred, it is suggested to describe an additional register stage after this function.  If the DSP48 was instantiated in the design, it is suggested to set the PREG attribute to 1.
Related violations: <none>

DPOP-1#32 Warning
PREG Output pipelining  
DSP i_system_wrapper/system_i/btle_controller_0/inst/btle_phy_i/btle_rx_i/genblk1[5].btle_rx_core_i/gfsk_demodulation_i/signal_for_decision_reg_reg1__0 output i_system_wrapper/system_i/btle_controller_0/inst/btle_phy_i/btle_rx_i/genblk1[5].btle_rx_core_i/gfsk_demodulation_i/signal_for_decision_reg_reg1__0/P[47:0] is not pipelined (PREG=0). Pipelining the DSP48 output will improve performance and often saves power so it is suggested whenever possible to fully pipeline this function.  If this DSP48 function was inferred, it is suggested to describe an additional register stage after this function.  If the DSP48 was instantiated in the design, it is suggested to set the PREG attribute to 1.
Related violations: <none>

DPOP-1#33 Warning
PREG Output pipelining  
DSP i_system_wrapper/system_i/btle_controller_0/inst/btle_phy_i/btle_rx_i/genblk1[5].btle_rx_core_i/gfsk_demodulation_i/signal_for_decision_reg_reg1__1 output i_system_wrapper/system_i/btle_controller_0/inst/btle_phy_i/btle_rx_i/genblk1[5].btle_rx_core_i/gfsk_demodulation_i/signal_for_decision_reg_reg1__1/P[47:0] is not pipelined (PREG=0). Pipelining the DSP48 output will improve performance and often saves power so it is suggested whenever possible to fully pipeline this function.  If this DSP48 function was inferred, it is suggested to describe an additional register stage after this function.  If the DSP48 was instantiated in the design, it is suggested to set the PREG attribute to 1.
Related violations: <none>

DPOP-1#34 Warning
PREG Output pipelining  
DSP i_system_wrapper/system_i/btle_controller_0/inst/btle_phy_i/btle_rx_i/genblk1[5].btle_rx_core_i/gfsk_demodulation_i/signal_for_decision_reg_reg1__2 output i_system_wrapper/system_i/btle_controller_0/inst/btle_phy_i/btle_rx_i/genblk1[5].btle_rx_core_i/gfsk_demodulation_i/signal_for_decision_reg_reg1__2/P[47:0] is not pipelined (PREG=0). Pipelining the DSP48 output will improve performance and often saves power so it is suggested whenever possible to fully pipeline this function.  If this DSP48 function was inferred, it is suggested to describe an additional register stage after this function.  If the DSP48 was instantiated in the design, it is suggested to set the PREG attribute to 1.
Related violations: <none>

DPOP-1#35 Warning
PREG Output pipelining  
DSP i_system_wrapper/system_i/btle_controller_0/inst/btle_phy_i/btle_rx_i/genblk1[5].btle_rx_core_i/gfsk_demodulation_i/signal_for_decision_reg_reg1__3 output i_system_wrapper/system_i/btle_controller_0/inst/btle_phy_i/btle_rx_i/genblk1[5].btle_rx_core_i/gfsk_demodulation_i/signal_for_decision_reg_reg1__3/P[47:0] is not pipelined (PREG=0). Pipelining the DSP48 output will improve performance and often saves power so it is suggested whenever possible to fully pipeline this function.  If this DSP48 function was inferred, it is suggested to describe an additional register stage after this function.  If the DSP48 was instantiated in the design, it is suggested to set the PREG attribute to 1.
Related violations: <none>

DPOP-1#36 Warning
PREG Output pipelining  
DSP i_system_wrapper/system_i/btle_controller_0/inst/btle_phy_i/btle_rx_i/genblk1[5].btle_rx_core_i/gfsk_demodulation_i/signal_for_decision_reg_reg1__4 output i_system_wrapper/system_i/btle_controller_0/inst/btle_phy_i/btle_rx_i/genblk1[5].btle_rx_core_i/gfsk_demodulation_i/signal_for_decision_reg_reg1__4/P[47:0] is not pipelined (PREG=0). Pipelining the DSP48 output will improve performance and often saves power so it is suggested whenever possible to fully pipeline this function.  If this DSP48 function was inferred, it is suggested to describe an additional register stage after this function.  If the DSP48 was instantiated in the design, it is suggested to set the PREG attribute to 1.
Related violations: <none>

DPOP-1#37 Warning
PREG Output pipelining  
DSP i_system_wrapper/system_i/btle_controller_0/inst/btle_phy_i/btle_rx_i/genblk1[6].btle_rx_core_i/gfsk_demodulation_i/signal_for_decision_reg_reg1 output i_system_wrapper/system_i/btle_controller_0/inst/btle_phy_i/btle_rx_i/genblk1[6].btle_rx_core_i/gfsk_demodulation_i/signal_for_decision_reg_reg1/P[47:0] is not pipelined (PREG=0). Pipelining the DSP48 output will improve performance and often saves power so it is suggested whenever possible to fully pipeline this function.  If this DSP48 function was inferred, it is suggested to describe an additional register stage after this function.  If the DSP48 was instantiated in the design, it is suggested to set the PREG attribute to 1.
Related violations: <none>

DPOP-1#38 Warning
PREG Output pipelining  
DSP i_system_wrapper/system_i/btle_controller_0/inst/btle_phy_i/btle_rx_i/genblk1[6].btle_rx_core_i/gfsk_demodulation_i/signal_for_decision_reg_reg1__0 output i_system_wrapper/system_i/btle_controller_0/inst/btle_phy_i/btle_rx_i/genblk1[6].btle_rx_core_i/gfsk_demodulation_i/signal_for_decision_reg_reg1__0/P[47:0] is not pipelined (PREG=0). Pipelining the DSP48 output will improve performance and often saves power so it is suggested whenever possible to fully pipeline this function.  If this DSP48 function was inferred, it is suggested to describe an additional register stage after this function.  If the DSP48 was instantiated in the design, it is suggested to set the PREG attribute to 1.
Related violations: <none>

DPOP-1#39 Warning
PREG Output pipelining  
DSP i_system_wrapper/system_i/btle_controller_0/inst/btle_phy_i/btle_rx_i/genblk1[6].btle_rx_core_i/gfsk_demodulation_i/signal_for_decision_reg_reg1__1 output i_system_wrapper/system_i/btle_controller_0/inst/btle_phy_i/btle_rx_i/genblk1[6].btle_rx_core_i/gfsk_demodulation_i/signal_for_decision_reg_reg1__1/P[47:0] is not pipelined (PREG=0). Pipelining the DSP48 output will improve performance and often saves power so it is suggested whenever possible to fully pipeline this function.  If this DSP48 function was inferred, it is suggested to describe an additional register stage after this function.  If the DSP48 was instantiated in the design, it is suggested to set the PREG attribute to 1.
Related violations: <none>

DPOP-1#40 Warning
PREG Output pipelining  
DSP i_system_wrapper/system_i/btle_controller_0/inst/btle_phy_i/btle_rx_i/genblk1[6].btle_rx_core_i/gfsk_demodulation_i/signal_for_decision_reg_reg1__2 output i_system_wrapper/system_i/btle_controller_0/inst/btle_phy_i/btle_rx_i/genblk1[6].btle_rx_core_i/gfsk_demodulation_i/signal_for_decision_reg_reg1__2/P[47:0] is not pipelined (PREG=0). Pipelining the DSP48 output will improve performance and often saves power so it is suggested whenever possible to fully pipeline this function.  If this DSP48 function was inferred, it is suggested to describe an additional register stage after this function.  If the DSP48 was instantiated in the design, it is suggested to set the PREG attribute to 1.
Related violations: <none>

DPOP-1#41 Warning
PREG Output pipelining  
DSP i_system_wrapper/system_i/btle_controller_0/inst/btle_phy_i/btle_rx_i/genblk1[6].btle_rx_core_i/gfsk_demodulation_i/signal_for_decision_reg_reg1__3 output i_system_wrapper/system_i/btle_controller_0/inst/btle_phy_i/btle_rx_i/genblk1[6].btle_rx_core_i/gfsk_demodulation_i/signal_for_decision_reg_reg1__3/P[47:0] is not pipelined (PREG=0). Pipelining the DSP48 output will improve performance and often saves power so it is suggested whenever possible to fully pipeline this function.  If this DSP48 function was inferred, it is suggested to describe an additional register stage after this function.  If the DSP48 was instantiated in the design, it is suggested to set the PREG attribute to 1.
Related violations: <none>

DPOP-1#42 Warning
PREG Output pipelining  
DSP i_system_wrapper/system_i/btle_controller_0/inst/btle_phy_i/btle_rx_i/genblk1[6].btle_rx_core_i/gfsk_demodulation_i/signal_for_decision_reg_reg1__4 output i_system_wrapper/system_i/btle_controller_0/inst/btle_phy_i/btle_rx_i/genblk1[6].btle_rx_core_i/gfsk_demodulation_i/signal_for_decision_reg_reg1__4/P[47:0] is not pipelined (PREG=0). Pipelining the DSP48 output will improve performance and often saves power so it is suggested whenever possible to fully pipeline this function.  If this DSP48 function was inferred, it is suggested to describe an additional register stage after this function.  If the DSP48 was instantiated in the design, it is suggested to set the PREG attribute to 1.
Related violations: <none>

DPOP-1#43 Warning
PREG Output pipelining  
DSP i_system_wrapper/system_i/btle_controller_0/inst/btle_phy_i/btle_rx_i/genblk1[7].btle_rx_core_i/gfsk_demodulation_i/signal_for_decision_reg_reg1 output i_system_wrapper/system_i/btle_controller_0/inst/btle_phy_i/btle_rx_i/genblk1[7].btle_rx_core_i/gfsk_demodulation_i/signal_for_decision_reg_reg1/P[47:0] is not pipelined (PREG=0). Pipelining the DSP48 output will improve performance and often saves power so it is suggested whenever possible to fully pipeline this function.  If this DSP48 function was inferred, it is suggested to describe an additional register stage after this function.  If the DSP48 was instantiated in the design, it is suggested to set the PREG attribute to 1.
Related violations: <none>

DPOP-1#44 Warning
PREG Output pipelining  
DSP i_system_wrapper/system_i/btle_controller_0/inst/btle_phy_i/btle_rx_i/genblk1[7].btle_rx_core_i/gfsk_demodulation_i/signal_for_decision_reg_reg1__0 output i_system_wrapper/system_i/btle_controller_0/inst/btle_phy_i/btle_rx_i/genblk1[7].btle_rx_core_i/gfsk_demodulation_i/signal_for_decision_reg_reg1__0/P[47:0] is not pipelined (PREG=0). Pipelining the DSP48 output will improve performance and often saves power so it is suggested whenever possible to fully pipeline this function.  If this DSP48 function was inferred, it is suggested to describe an additional register stage after this function.  If the DSP48 was instantiated in the design, it is suggested to set the PREG attribute to 1.
Related violations: <none>

DPOP-1#45 Warning
PREG Output pipelining  
DSP i_system_wrapper/system_i/btle_controller_0/inst/btle_phy_i/btle_rx_i/genblk1[7].btle_rx_core_i/gfsk_demodulation_i/signal_for_decision_reg_reg1__1 output i_system_wrapper/system_i/btle_controller_0/inst/btle_phy_i/btle_rx_i/genblk1[7].btle_rx_core_i/gfsk_demodulation_i/signal_for_decision_reg_reg1__1/P[47:0] is not pipelined (PREG=0). Pipelining the DSP48 output will improve performance and often saves power so it is suggested whenever possible to fully pipeline this function.  If this DSP48 function was inferred, it is suggested to describe an additional register stage after this function.  If the DSP48 was instantiated in the design, it is suggested to set the PREG attribute to 1.
Related violations: <none>

DPOP-1#46 Warning
PREG Output pipelining  
DSP i_system_wrapper/system_i/btle_controller_0/inst/btle_phy_i/btle_rx_i/genblk1[7].btle_rx_core_i/gfsk_demodulation_i/signal_for_decision_reg_reg1__2 output i_system_wrapper/system_i/btle_controller_0/inst/btle_phy_i/btle_rx_i/genblk1[7].btle_rx_core_i/gfsk_demodulation_i/signal_for_decision_reg_reg1__2/P[47:0] is not pipelined (PREG=0). Pipelining the DSP48 output will improve performance and often saves power so it is suggested whenever possible to fully pipeline this function.  If this DSP48 function was inferred, it is suggested to describe an additional register stage after this function.  If the DSP48 was instantiated in the design, it is suggested to set the PREG attribute to 1.
Related violations: <none>

DPOP-1#47 Warning
PREG Output pipelining  
DSP i_system_wrapper/system_i/btle_controller_0/inst/btle_phy_i/btle_rx_i/genblk1[7].btle_rx_core_i/gfsk_demodulation_i/signal_for_decision_reg_reg1__3 output i_system_wrapper/system_i/btle_controller_0/inst/btle_phy_i/btle_rx_i/genblk1[7].btle_rx_core_i/gfsk_demodulation_i/signal_for_decision_reg_reg1__3/P[47:0] is not pipelined (PREG=0). Pipelining the DSP48 output will improve performance and often saves power so it is suggested whenever possible to fully pipeline this function.  If this DSP48 function was inferred, it is suggested to describe an additional register stage after this function.  If the DSP48 was instantiated in the design, it is suggested to set the PREG attribute to 1.
Related violations: <none>

DPOP-1#48 Warning
PREG Output pipelining  
DSP i_system_wrapper/system_i/btle_controller_0/inst/btle_phy_i/btle_rx_i/genblk1[7].btle_rx_core_i/gfsk_demodulation_i/signal_for_decision_reg_reg1__4 output i_system_wrapper/system_i/btle_controller_0/inst/btle_phy_i/btle_rx_i/genblk1[7].btle_rx_core_i/gfsk_demodulation_i/signal_for_decision_reg_reg1__4/P[47:0] is not pipelined (PREG=0). Pipelining the DSP48 output will improve performance and often saves power so it is suggested whenever possible to fully pipeline this function.  If this DSP48 function was inferred, it is suggested to describe an additional register stage after this function.  If the DSP48 was instantiated in the design, it is suggested to set the PREG attribute to 1.
Related violations: <none>

DPOP-2#1 Warning
MREG Output pipelining  
DSP i_system_wrapper/system_i/btle_controller_0/inst/btle_phy_i/btle_rx_i/genblk1[0].btle_rx_core_i/gfsk_demodulation_i/signal_for_decision_reg_reg1 multiplier stage i_system_wrapper/system_i/btle_controller_0/inst/btle_phy_i/btle_rx_i/genblk1[0].btle_rx_core_i/gfsk_demodulation_i/signal_for_decision_reg_reg1/P[47:0] is not pipelined (MREG=0). Pipelining the multiplier function will improve performance and will save significant power so it is suggested whenever possible to fully pipeline this function.  If this multiplier was inferred, it is suggested to describe an additional register stage after this function.  If there is no registered adder/accumulator following the multiply function, two pipeline stages are suggested to allow both the MREG and PREG registers to be used.  If the DSP48 was instantiated in the design, it is suggested to set both the MREG and PREG attributes to 1 when performing multiply functions.
Related violations: <none>

DPOP-2#2 Warning
MREG Output pipelining  
DSP i_system_wrapper/system_i/btle_controller_0/inst/btle_phy_i/btle_rx_i/genblk1[0].btle_rx_core_i/gfsk_demodulation_i/signal_for_decision_reg_reg1__0 multiplier stage i_system_wrapper/system_i/btle_controller_0/inst/btle_phy_i/btle_rx_i/genblk1[0].btle_rx_core_i/gfsk_demodulation_i/signal_for_decision_reg_reg1__0/P[47:0] is not pipelined (MREG=0). Pipelining the multiplier function will improve performance and will save significant power so it is suggested whenever possible to fully pipeline this function.  If this multiplier was inferred, it is suggested to describe an additional register stage after this function.  If there is no registered adder/accumulator following the multiply function, two pipeline stages are suggested to allow both the MREG and PREG registers to be used.  If the DSP48 was instantiated in the design, it is suggested to set both the MREG and PREG attributes to 1 when performing multiply functions.
Related violations: <none>

DPOP-2#3 Warning
MREG Output pipelining  
DSP i_system_wrapper/system_i/btle_controller_0/inst/btle_phy_i/btle_rx_i/genblk1[0].btle_rx_core_i/gfsk_demodulation_i/signal_for_decision_reg_reg1__1 multiplier stage i_system_wrapper/system_i/btle_controller_0/inst/btle_phy_i/btle_rx_i/genblk1[0].btle_rx_core_i/gfsk_demodulation_i/signal_for_decision_reg_reg1__1/P[47:0] is not pipelined (MREG=0). Pipelining the multiplier function will improve performance and will save significant power so it is suggested whenever possible to fully pipeline this function.  If this multiplier was inferred, it is suggested to describe an additional register stage after this function.  If there is no registered adder/accumulator following the multiply function, two pipeline stages are suggested to allow both the MREG and PREG registers to be used.  If the DSP48 was instantiated in the design, it is suggested to set both the MREG and PREG attributes to 1 when performing multiply functions.
Related violations: <none>

DPOP-2#4 Warning
MREG Output pipelining  
DSP i_system_wrapper/system_i/btle_controller_0/inst/btle_phy_i/btle_rx_i/genblk1[0].btle_rx_core_i/gfsk_demodulation_i/signal_for_decision_reg_reg1__2 multiplier stage i_system_wrapper/system_i/btle_controller_0/inst/btle_phy_i/btle_rx_i/genblk1[0].btle_rx_core_i/gfsk_demodulation_i/signal_for_decision_reg_reg1__2/P[47:0] is not pipelined (MREG=0). Pipelining the multiplier function will improve performance and will save significant power so it is suggested whenever possible to fully pipeline this function.  If this multiplier was inferred, it is suggested to describe an additional register stage after this function.  If there is no registered adder/accumulator following the multiply function, two pipeline stages are suggested to allow both the MREG and PREG registers to be used.  If the DSP48 was instantiated in the design, it is suggested to set both the MREG and PREG attributes to 1 when performing multiply functions.
Related violations: <none>

DPOP-2#5 Warning
MREG Output pipelining  
DSP i_system_wrapper/system_i/btle_controller_0/inst/btle_phy_i/btle_rx_i/genblk1[0].btle_rx_core_i/gfsk_demodulation_i/signal_for_decision_reg_reg1__3 multiplier stage i_system_wrapper/system_i/btle_controller_0/inst/btle_phy_i/btle_rx_i/genblk1[0].btle_rx_core_i/gfsk_demodulation_i/signal_for_decision_reg_reg1__3/P[47:0] is not pipelined (MREG=0). Pipelining the multiplier function will improve performance and will save significant power so it is suggested whenever possible to fully pipeline this function.  If this multiplier was inferred, it is suggested to describe an additional register stage after this function.  If there is no registered adder/accumulator following the multiply function, two pipeline stages are suggested to allow both the MREG and PREG registers to be used.  If the DSP48 was instantiated in the design, it is suggested to set both the MREG and PREG attributes to 1 when performing multiply functions.
Related violations: <none>

DPOP-2#6 Warning
MREG Output pipelining  
DSP i_system_wrapper/system_i/btle_controller_0/inst/btle_phy_i/btle_rx_i/genblk1[0].btle_rx_core_i/gfsk_demodulation_i/signal_for_decision_reg_reg1__4 multiplier stage i_system_wrapper/system_i/btle_controller_0/inst/btle_phy_i/btle_rx_i/genblk1[0].btle_rx_core_i/gfsk_demodulation_i/signal_for_decision_reg_reg1__4/P[47:0] is not pipelined (MREG=0). Pipelining the multiplier function will improve performance and will save significant power so it is suggested whenever possible to fully pipeline this function.  If this multiplier was inferred, it is suggested to describe an additional register stage after this function.  If there is no registered adder/accumulator following the multiply function, two pipeline stages are suggested to allow both the MREG and PREG registers to be used.  If the DSP48 was instantiated in the design, it is suggested to set both the MREG and PREG attributes to 1 when performing multiply functions.
Related violations: <none>

DPOP-2#7 Warning
MREG Output pipelining  
DSP i_system_wrapper/system_i/btle_controller_0/inst/btle_phy_i/btle_rx_i/genblk1[1].btle_rx_core_i/gfsk_demodulation_i/signal_for_decision_reg_reg1 multiplier stage i_system_wrapper/system_i/btle_controller_0/inst/btle_phy_i/btle_rx_i/genblk1[1].btle_rx_core_i/gfsk_demodulation_i/signal_for_decision_reg_reg1/P[47:0] is not pipelined (MREG=0). Pipelining the multiplier function will improve performance and will save significant power so it is suggested whenever possible to fully pipeline this function.  If this multiplier was inferred, it is suggested to describe an additional register stage after this function.  If there is no registered adder/accumulator following the multiply function, two pipeline stages are suggested to allow both the MREG and PREG registers to be used.  If the DSP48 was instantiated in the design, it is suggested to set both the MREG and PREG attributes to 1 when performing multiply functions.
Related violations: <none>

DPOP-2#8 Warning
MREG Output pipelining  
DSP i_system_wrapper/system_i/btle_controller_0/inst/btle_phy_i/btle_rx_i/genblk1[1].btle_rx_core_i/gfsk_demodulation_i/signal_for_decision_reg_reg1__0 multiplier stage i_system_wrapper/system_i/btle_controller_0/inst/btle_phy_i/btle_rx_i/genblk1[1].btle_rx_core_i/gfsk_demodulation_i/signal_for_decision_reg_reg1__0/P[47:0] is not pipelined (MREG=0). Pipelining the multiplier function will improve performance and will save significant power so it is suggested whenever possible to fully pipeline this function.  If this multiplier was inferred, it is suggested to describe an additional register stage after this function.  If there is no registered adder/accumulator following the multiply function, two pipeline stages are suggested to allow both the MREG and PREG registers to be used.  If the DSP48 was instantiated in the design, it is suggested to set both the MREG and PREG attributes to 1 when performing multiply functions.
Related violations: <none>

DPOP-2#9 Warning
MREG Output pipelining  
DSP i_system_wrapper/system_i/btle_controller_0/inst/btle_phy_i/btle_rx_i/genblk1[1].btle_rx_core_i/gfsk_demodulation_i/signal_for_decision_reg_reg1__1 multiplier stage i_system_wrapper/system_i/btle_controller_0/inst/btle_phy_i/btle_rx_i/genblk1[1].btle_rx_core_i/gfsk_demodulation_i/signal_for_decision_reg_reg1__1/P[47:0] is not pipelined (MREG=0). Pipelining the multiplier function will improve performance and will save significant power so it is suggested whenever possible to fully pipeline this function.  If this multiplier was inferred, it is suggested to describe an additional register stage after this function.  If there is no registered adder/accumulator following the multiply function, two pipeline stages are suggested to allow both the MREG and PREG registers to be used.  If the DSP48 was instantiated in the design, it is suggested to set both the MREG and PREG attributes to 1 when performing multiply functions.
Related violations: <none>

DPOP-2#10 Warning
MREG Output pipelining  
DSP i_system_wrapper/system_i/btle_controller_0/inst/btle_phy_i/btle_rx_i/genblk1[1].btle_rx_core_i/gfsk_demodulation_i/signal_for_decision_reg_reg1__2 multiplier stage i_system_wrapper/system_i/btle_controller_0/inst/btle_phy_i/btle_rx_i/genblk1[1].btle_rx_core_i/gfsk_demodulation_i/signal_for_decision_reg_reg1__2/P[47:0] is not pipelined (MREG=0). Pipelining the multiplier function will improve performance and will save significant power so it is suggested whenever possible to fully pipeline this function.  If this multiplier was inferred, it is suggested to describe an additional register stage after this function.  If there is no registered adder/accumulator following the multiply function, two pipeline stages are suggested to allow both the MREG and PREG registers to be used.  If the DSP48 was instantiated in the design, it is suggested to set both the MREG and PREG attributes to 1 when performing multiply functions.
Related violations: <none>

DPOP-2#11 Warning
MREG Output pipelining  
DSP i_system_wrapper/system_i/btle_controller_0/inst/btle_phy_i/btle_rx_i/genblk1[1].btle_rx_core_i/gfsk_demodulation_i/signal_for_decision_reg_reg1__3 multiplier stage i_system_wrapper/system_i/btle_controller_0/inst/btle_phy_i/btle_rx_i/genblk1[1].btle_rx_core_i/gfsk_demodulation_i/signal_for_decision_reg_reg1__3/P[47:0] is not pipelined (MREG=0). Pipelining the multiplier function will improve performance and will save significant power so it is suggested whenever possible to fully pipeline this function.  If this multiplier was inferred, it is suggested to describe an additional register stage after this function.  If there is no registered adder/accumulator following the multiply function, two pipeline stages are suggested to allow both the MREG and PREG registers to be used.  If the DSP48 was instantiated in the design, it is suggested to set both the MREG and PREG attributes to 1 when performing multiply functions.
Related violations: <none>

DPOP-2#12 Warning
MREG Output pipelining  
DSP i_system_wrapper/system_i/btle_controller_0/inst/btle_phy_i/btle_rx_i/genblk1[1].btle_rx_core_i/gfsk_demodulation_i/signal_for_decision_reg_reg1__4 multiplier stage i_system_wrapper/system_i/btle_controller_0/inst/btle_phy_i/btle_rx_i/genblk1[1].btle_rx_core_i/gfsk_demodulation_i/signal_for_decision_reg_reg1__4/P[47:0] is not pipelined (MREG=0). Pipelining the multiplier function will improve performance and will save significant power so it is suggested whenever possible to fully pipeline this function.  If this multiplier was inferred, it is suggested to describe an additional register stage after this function.  If there is no registered adder/accumulator following the multiply function, two pipeline stages are suggested to allow both the MREG and PREG registers to be used.  If the DSP48 was instantiated in the design, it is suggested to set both the MREG and PREG attributes to 1 when performing multiply functions.
Related violations: <none>

DPOP-2#13 Warning
MREG Output pipelining  
DSP i_system_wrapper/system_i/btle_controller_0/inst/btle_phy_i/btle_rx_i/genblk1[2].btle_rx_core_i/gfsk_demodulation_i/signal_for_decision_reg_reg1 multiplier stage i_system_wrapper/system_i/btle_controller_0/inst/btle_phy_i/btle_rx_i/genblk1[2].btle_rx_core_i/gfsk_demodulation_i/signal_for_decision_reg_reg1/P[47:0] is not pipelined (MREG=0). Pipelining the multiplier function will improve performance and will save significant power so it is suggested whenever possible to fully pipeline this function.  If this multiplier was inferred, it is suggested to describe an additional register stage after this function.  If there is no registered adder/accumulator following the multiply function, two pipeline stages are suggested to allow both the MREG and PREG registers to be used.  If the DSP48 was instantiated in the design, it is suggested to set both the MREG and PREG attributes to 1 when performing multiply functions.
Related violations: <none>

DPOP-2#14 Warning
MREG Output pipelining  
DSP i_system_wrapper/system_i/btle_controller_0/inst/btle_phy_i/btle_rx_i/genblk1[2].btle_rx_core_i/gfsk_demodulation_i/signal_for_decision_reg_reg1__0 multiplier stage i_system_wrapper/system_i/btle_controller_0/inst/btle_phy_i/btle_rx_i/genblk1[2].btle_rx_core_i/gfsk_demodulation_i/signal_for_decision_reg_reg1__0/P[47:0] is not pipelined (MREG=0). Pipelining the multiplier function will improve performance and will save significant power so it is suggested whenever possible to fully pipeline this function.  If this multiplier was inferred, it is suggested to describe an additional register stage after this function.  If there is no registered adder/accumulator following the multiply function, two pipeline stages are suggested to allow both the MREG and PREG registers to be used.  If the DSP48 was instantiated in the design, it is suggested to set both the MREG and PREG attributes to 1 when performing multiply functions.
Related violations: <none>

DPOP-2#15 Warning
MREG Output pipelining  
DSP i_system_wrapper/system_i/btle_controller_0/inst/btle_phy_i/btle_rx_i/genblk1[2].btle_rx_core_i/gfsk_demodulation_i/signal_for_decision_reg_reg1__1 multiplier stage i_system_wrapper/system_i/btle_controller_0/inst/btle_phy_i/btle_rx_i/genblk1[2].btle_rx_core_i/gfsk_demodulation_i/signal_for_decision_reg_reg1__1/P[47:0] is not pipelined (MREG=0). Pipelining the multiplier function will improve performance and will save significant power so it is suggested whenever possible to fully pipeline this function.  If this multiplier was inferred, it is suggested to describe an additional register stage after this function.  If there is no registered adder/accumulator following the multiply function, two pipeline stages are suggested to allow both the MREG and PREG registers to be used.  If the DSP48 was instantiated in the design, it is suggested to set both the MREG and PREG attributes to 1 when performing multiply functions.
Related violations: <none>

DPOP-2#16 Warning
MREG Output pipelining  
DSP i_system_wrapper/system_i/btle_controller_0/inst/btle_phy_i/btle_rx_i/genblk1[2].btle_rx_core_i/gfsk_demodulation_i/signal_for_decision_reg_reg1__2 multiplier stage i_system_wrapper/system_i/btle_controller_0/inst/btle_phy_i/btle_rx_i/genblk1[2].btle_rx_core_i/gfsk_demodulation_i/signal_for_decision_reg_reg1__2/P[47:0] is not pipelined (MREG=0). Pipelining the multiplier function will improve performance and will save significant power so it is suggested whenever possible to fully pipeline this function.  If this multiplier was inferred, it is suggested to describe an additional register stage after this function.  If there is no registered adder/accumulator following the multiply function, two pipeline stages are suggested to allow both the MREG and PREG registers to be used.  If the DSP48 was instantiated in the design, it is suggested to set both the MREG and PREG attributes to 1 when performing multiply functions.
Related violations: <none>

DPOP-2#17 Warning
MREG Output pipelining  
DSP i_system_wrapper/system_i/btle_controller_0/inst/btle_phy_i/btle_rx_i/genblk1[2].btle_rx_core_i/gfsk_demodulation_i/signal_for_decision_reg_reg1__3 multiplier stage i_system_wrapper/system_i/btle_controller_0/inst/btle_phy_i/btle_rx_i/genblk1[2].btle_rx_core_i/gfsk_demodulation_i/signal_for_decision_reg_reg1__3/P[47:0] is not pipelined (MREG=0). Pipelining the multiplier function will improve performance and will save significant power so it is suggested whenever possible to fully pipeline this function.  If this multiplier was inferred, it is suggested to describe an additional register stage after this function.  If there is no registered adder/accumulator following the multiply function, two pipeline stages are suggested to allow both the MREG and PREG registers to be used.  If the DSP48 was instantiated in the design, it is suggested to set both the MREG and PREG attributes to 1 when performing multiply functions.
Related violations: <none>

DPOP-2#18 Warning
MREG Output pipelining  
DSP i_system_wrapper/system_i/btle_controller_0/inst/btle_phy_i/btle_rx_i/genblk1[2].btle_rx_core_i/gfsk_demodulation_i/signal_for_decision_reg_reg1__4 multiplier stage i_system_wrapper/system_i/btle_controller_0/inst/btle_phy_i/btle_rx_i/genblk1[2].btle_rx_core_i/gfsk_demodulation_i/signal_for_decision_reg_reg1__4/P[47:0] is not pipelined (MREG=0). Pipelining the multiplier function will improve performance and will save significant power so it is suggested whenever possible to fully pipeline this function.  If this multiplier was inferred, it is suggested to describe an additional register stage after this function.  If there is no registered adder/accumulator following the multiply function, two pipeline stages are suggested to allow both the MREG and PREG registers to be used.  If the DSP48 was instantiated in the design, it is suggested to set both the MREG and PREG attributes to 1 when performing multiply functions.
Related violations: <none>

DPOP-2#19 Warning
MREG Output pipelining  
DSP i_system_wrapper/system_i/btle_controller_0/inst/btle_phy_i/btle_rx_i/genblk1[3].btle_rx_core_i/gfsk_demodulation_i/signal_for_decision_reg_reg1 multiplier stage i_system_wrapper/system_i/btle_controller_0/inst/btle_phy_i/btle_rx_i/genblk1[3].btle_rx_core_i/gfsk_demodulation_i/signal_for_decision_reg_reg1/P[47:0] is not pipelined (MREG=0). Pipelining the multiplier function will improve performance and will save significant power so it is suggested whenever possible to fully pipeline this function.  If this multiplier was inferred, it is suggested to describe an additional register stage after this function.  If there is no registered adder/accumulator following the multiply function, two pipeline stages are suggested to allow both the MREG and PREG registers to be used.  If the DSP48 was instantiated in the design, it is suggested to set both the MREG and PREG attributes to 1 when performing multiply functions.
Related violations: <none>

DPOP-2#20 Warning
MREG Output pipelining  
DSP i_system_wrapper/system_i/btle_controller_0/inst/btle_phy_i/btle_rx_i/genblk1[3].btle_rx_core_i/gfsk_demodulation_i/signal_for_decision_reg_reg1__0 multiplier stage i_system_wrapper/system_i/btle_controller_0/inst/btle_phy_i/btle_rx_i/genblk1[3].btle_rx_core_i/gfsk_demodulation_i/signal_for_decision_reg_reg1__0/P[47:0] is not pipelined (MREG=0). Pipelining the multiplier function will improve performance and will save significant power so it is suggested whenever possible to fully pipeline this function.  If this multiplier was inferred, it is suggested to describe an additional register stage after this function.  If there is no registered adder/accumulator following the multiply function, two pipeline stages are suggested to allow both the MREG and PREG registers to be used.  If the DSP48 was instantiated in the design, it is suggested to set both the MREG and PREG attributes to 1 when performing multiply functions.
Related violations: <none>

DPOP-2#21 Warning
MREG Output pipelining  
DSP i_system_wrapper/system_i/btle_controller_0/inst/btle_phy_i/btle_rx_i/genblk1[3].btle_rx_core_i/gfsk_demodulation_i/signal_for_decision_reg_reg1__1 multiplier stage i_system_wrapper/system_i/btle_controller_0/inst/btle_phy_i/btle_rx_i/genblk1[3].btle_rx_core_i/gfsk_demodulation_i/signal_for_decision_reg_reg1__1/P[47:0] is not pipelined (MREG=0). Pipelining the multiplier function will improve performance and will save significant power so it is suggested whenever possible to fully pipeline this function.  If this multiplier was inferred, it is suggested to describe an additional register stage after this function.  If there is no registered adder/accumulator following the multiply function, two pipeline stages are suggested to allow both the MREG and PREG registers to be used.  If the DSP48 was instantiated in the design, it is suggested to set both the MREG and PREG attributes to 1 when performing multiply functions.
Related violations: <none>

DPOP-2#22 Warning
MREG Output pipelining  
DSP i_system_wrapper/system_i/btle_controller_0/inst/btle_phy_i/btle_rx_i/genblk1[3].btle_rx_core_i/gfsk_demodulation_i/signal_for_decision_reg_reg1__2 multiplier stage i_system_wrapper/system_i/btle_controller_0/inst/btle_phy_i/btle_rx_i/genblk1[3].btle_rx_core_i/gfsk_demodulation_i/signal_for_decision_reg_reg1__2/P[47:0] is not pipelined (MREG=0). Pipelining the multiplier function will improve performance and will save significant power so it is suggested whenever possible to fully pipeline this function.  If this multiplier was inferred, it is suggested to describe an additional register stage after this function.  If there is no registered adder/accumulator following the multiply function, two pipeline stages are suggested to allow both the MREG and PREG registers to be used.  If the DSP48 was instantiated in the design, it is suggested to set both the MREG and PREG attributes to 1 when performing multiply functions.
Related violations: <none>

DPOP-2#23 Warning
MREG Output pipelining  
DSP i_system_wrapper/system_i/btle_controller_0/inst/btle_phy_i/btle_rx_i/genblk1[3].btle_rx_core_i/gfsk_demodulation_i/signal_for_decision_reg_reg1__3 multiplier stage i_system_wrapper/system_i/btle_controller_0/inst/btle_phy_i/btle_rx_i/genblk1[3].btle_rx_core_i/gfsk_demodulation_i/signal_for_decision_reg_reg1__3/P[47:0] is not pipelined (MREG=0). Pipelining the multiplier function will improve performance and will save significant power so it is suggested whenever possible to fully pipeline this function.  If this multiplier was inferred, it is suggested to describe an additional register stage after this function.  If there is no registered adder/accumulator following the multiply function, two pipeline stages are suggested to allow both the MREG and PREG registers to be used.  If the DSP48 was instantiated in the design, it is suggested to set both the MREG and PREG attributes to 1 when performing multiply functions.
Related violations: <none>

DPOP-2#24 Warning
MREG Output pipelining  
DSP i_system_wrapper/system_i/btle_controller_0/inst/btle_phy_i/btle_rx_i/genblk1[3].btle_rx_core_i/gfsk_demodulation_i/signal_for_decision_reg_reg1__4 multiplier stage i_system_wrapper/system_i/btle_controller_0/inst/btle_phy_i/btle_rx_i/genblk1[3].btle_rx_core_i/gfsk_demodulation_i/signal_for_decision_reg_reg1__4/P[47:0] is not pipelined (MREG=0). Pipelining the multiplier function will improve performance and will save significant power so it is suggested whenever possible to fully pipeline this function.  If this multiplier was inferred, it is suggested to describe an additional register stage after this function.  If there is no registered adder/accumulator following the multiply function, two pipeline stages are suggested to allow both the MREG and PREG registers to be used.  If the DSP48 was instantiated in the design, it is suggested to set both the MREG and PREG attributes to 1 when performing multiply functions.
Related violations: <none>

DPOP-2#25 Warning
MREG Output pipelining  
DSP i_system_wrapper/system_i/btle_controller_0/inst/btle_phy_i/btle_rx_i/genblk1[4].btle_rx_core_i/gfsk_demodulation_i/signal_for_decision_reg_reg1 multiplier stage i_system_wrapper/system_i/btle_controller_0/inst/btle_phy_i/btle_rx_i/genblk1[4].btle_rx_core_i/gfsk_demodulation_i/signal_for_decision_reg_reg1/P[47:0] is not pipelined (MREG=0). Pipelining the multiplier function will improve performance and will save significant power so it is suggested whenever possible to fully pipeline this function.  If this multiplier was inferred, it is suggested to describe an additional register stage after this function.  If there is no registered adder/accumulator following the multiply function, two pipeline stages are suggested to allow both the MREG and PREG registers to be used.  If the DSP48 was instantiated in the design, it is suggested to set both the MREG and PREG attributes to 1 when performing multiply functions.
Related violations: <none>

DPOP-2#26 Warning
MREG Output pipelining  
DSP i_system_wrapper/system_i/btle_controller_0/inst/btle_phy_i/btle_rx_i/genblk1[4].btle_rx_core_i/gfsk_demodulation_i/signal_for_decision_reg_reg1__0 multiplier stage i_system_wrapper/system_i/btle_controller_0/inst/btle_phy_i/btle_rx_i/genblk1[4].btle_rx_core_i/gfsk_demodulation_i/signal_for_decision_reg_reg1__0/P[47:0] is not pipelined (MREG=0). Pipelining the multiplier function will improve performance and will save significant power so it is suggested whenever possible to fully pipeline this function.  If this multiplier was inferred, it is suggested to describe an additional register stage after this function.  If there is no registered adder/accumulator following the multiply function, two pipeline stages are suggested to allow both the MREG and PREG registers to be used.  If the DSP48 was instantiated in the design, it is suggested to set both the MREG and PREG attributes to 1 when performing multiply functions.
Related violations: <none>

DPOP-2#27 Warning
MREG Output pipelining  
DSP i_system_wrapper/system_i/btle_controller_0/inst/btle_phy_i/btle_rx_i/genblk1[4].btle_rx_core_i/gfsk_demodulation_i/signal_for_decision_reg_reg1__1 multiplier stage i_system_wrapper/system_i/btle_controller_0/inst/btle_phy_i/btle_rx_i/genblk1[4].btle_rx_core_i/gfsk_demodulation_i/signal_for_decision_reg_reg1__1/P[47:0] is not pipelined (MREG=0). Pipelining the multiplier function will improve performance and will save significant power so it is suggested whenever possible to fully pipeline this function.  If this multiplier was inferred, it is suggested to describe an additional register stage after this function.  If there is no registered adder/accumulator following the multiply function, two pipeline stages are suggested to allow both the MREG and PREG registers to be used.  If the DSP48 was instantiated in the design, it is suggested to set both the MREG and PREG attributes to 1 when performing multiply functions.
Related violations: <none>

DPOP-2#28 Warning
MREG Output pipelining  
DSP i_system_wrapper/system_i/btle_controller_0/inst/btle_phy_i/btle_rx_i/genblk1[4].btle_rx_core_i/gfsk_demodulation_i/signal_for_decision_reg_reg1__2 multiplier stage i_system_wrapper/system_i/btle_controller_0/inst/btle_phy_i/btle_rx_i/genblk1[4].btle_rx_core_i/gfsk_demodulation_i/signal_for_decision_reg_reg1__2/P[47:0] is not pipelined (MREG=0). Pipelining the multiplier function will improve performance and will save significant power so it is suggested whenever possible to fully pipeline this function.  If this multiplier was inferred, it is suggested to describe an additional register stage after this function.  If there is no registered adder/accumulator following the multiply function, two pipeline stages are suggested to allow both the MREG and PREG registers to be used.  If the DSP48 was instantiated in the design, it is suggested to set both the MREG and PREG attributes to 1 when performing multiply functions.
Related violations: <none>

DPOP-2#29 Warning
MREG Output pipelining  
DSP i_system_wrapper/system_i/btle_controller_0/inst/btle_phy_i/btle_rx_i/genblk1[4].btle_rx_core_i/gfsk_demodulation_i/signal_for_decision_reg_reg1__3 multiplier stage i_system_wrapper/system_i/btle_controller_0/inst/btle_phy_i/btle_rx_i/genblk1[4].btle_rx_core_i/gfsk_demodulation_i/signal_for_decision_reg_reg1__3/P[47:0] is not pipelined (MREG=0). Pipelining the multiplier function will improve performance and will save significant power so it is suggested whenever possible to fully pipeline this function.  If this multiplier was inferred, it is suggested to describe an additional register stage after this function.  If there is no registered adder/accumulator following the multiply function, two pipeline stages are suggested to allow both the MREG and PREG registers to be used.  If the DSP48 was instantiated in the design, it is suggested to set both the MREG and PREG attributes to 1 when performing multiply functions.
Related violations: <none>

DPOP-2#30 Warning
MREG Output pipelining  
DSP i_system_wrapper/system_i/btle_controller_0/inst/btle_phy_i/btle_rx_i/genblk1[4].btle_rx_core_i/gfsk_demodulation_i/signal_for_decision_reg_reg1__4 multiplier stage i_system_wrapper/system_i/btle_controller_0/inst/btle_phy_i/btle_rx_i/genblk1[4].btle_rx_core_i/gfsk_demodulation_i/signal_for_decision_reg_reg1__4/P[47:0] is not pipelined (MREG=0). Pipelining the multiplier function will improve performance and will save significant power so it is suggested whenever possible to fully pipeline this function.  If this multiplier was inferred, it is suggested to describe an additional register stage after this function.  If there is no registered adder/accumulator following the multiply function, two pipeline stages are suggested to allow both the MREG and PREG registers to be used.  If the DSP48 was instantiated in the design, it is suggested to set both the MREG and PREG attributes to 1 when performing multiply functions.
Related violations: <none>

DPOP-2#31 Warning
MREG Output pipelining  
DSP i_system_wrapper/system_i/btle_controller_0/inst/btle_phy_i/btle_rx_i/genblk1[5].btle_rx_core_i/gfsk_demodulation_i/signal_for_decision_reg_reg1 multiplier stage i_system_wrapper/system_i/btle_controller_0/inst/btle_phy_i/btle_rx_i/genblk1[5].btle_rx_core_i/gfsk_demodulation_i/signal_for_decision_reg_reg1/P[47:0] is not pipelined (MREG=0). Pipelining the multiplier function will improve performance and will save significant power so it is suggested whenever possible to fully pipeline this function.  If this multiplier was inferred, it is suggested to describe an additional register stage after this function.  If there is no registered adder/accumulator following the multiply function, two pipeline stages are suggested to allow both the MREG and PREG registers to be used.  If the DSP48 was instantiated in the design, it is suggested to set both the MREG and PREG attributes to 1 when performing multiply functions.
Related violations: <none>

DPOP-2#32 Warning
MREG Output pipelining  
DSP i_system_wrapper/system_i/btle_controller_0/inst/btle_phy_i/btle_rx_i/genblk1[5].btle_rx_core_i/gfsk_demodulation_i/signal_for_decision_reg_reg1__0 multiplier stage i_system_wrapper/system_i/btle_controller_0/inst/btle_phy_i/btle_rx_i/genblk1[5].btle_rx_core_i/gfsk_demodulation_i/signal_for_decision_reg_reg1__0/P[47:0] is not pipelined (MREG=0). Pipelining the multiplier function will improve performance and will save significant power so it is suggested whenever possible to fully pipeline this function.  If this multiplier was inferred, it is suggested to describe an additional register stage after this function.  If there is no registered adder/accumulator following the multiply function, two pipeline stages are suggested to allow both the MREG and PREG registers to be used.  If the DSP48 was instantiated in the design, it is suggested to set both the MREG and PREG attributes to 1 when performing multiply functions.
Related violations: <none>

DPOP-2#33 Warning
MREG Output pipelining  
DSP i_system_wrapper/system_i/btle_controller_0/inst/btle_phy_i/btle_rx_i/genblk1[5].btle_rx_core_i/gfsk_demodulation_i/signal_for_decision_reg_reg1__1 multiplier stage i_system_wrapper/system_i/btle_controller_0/inst/btle_phy_i/btle_rx_i/genblk1[5].btle_rx_core_i/gfsk_demodulation_i/signal_for_decision_reg_reg1__1/P[47:0] is not pipelined (MREG=0). Pipelining the multiplier function will improve performance and will save significant power so it is suggested whenever possible to fully pipeline this function.  If this multiplier was inferred, it is suggested to describe an additional register stage after this function.  If there is no registered adder/accumulator following the multiply function, two pipeline stages are suggested to allow both the MREG and PREG registers to be used.  If the DSP48 was instantiated in the design, it is suggested to set both the MREG and PREG attributes to 1 when performing multiply functions.
Related violations: <none>

DPOP-2#34 Warning
MREG Output pipelining  
DSP i_system_wrapper/system_i/btle_controller_0/inst/btle_phy_i/btle_rx_i/genblk1[5].btle_rx_core_i/gfsk_demodulation_i/signal_for_decision_reg_reg1__2 multiplier stage i_system_wrapper/system_i/btle_controller_0/inst/btle_phy_i/btle_rx_i/genblk1[5].btle_rx_core_i/gfsk_demodulation_i/signal_for_decision_reg_reg1__2/P[47:0] is not pipelined (MREG=0). Pipelining the multiplier function will improve performance and will save significant power so it is suggested whenever possible to fully pipeline this function.  If this multiplier was inferred, it is suggested to describe an additional register stage after this function.  If there is no registered adder/accumulator following the multiply function, two pipeline stages are suggested to allow both the MREG and PREG registers to be used.  If the DSP48 was instantiated in the design, it is suggested to set both the MREG and PREG attributes to 1 when performing multiply functions.
Related violations: <none>

DPOP-2#35 Warning
MREG Output pipelining  
DSP i_system_wrapper/system_i/btle_controller_0/inst/btle_phy_i/btle_rx_i/genblk1[5].btle_rx_core_i/gfsk_demodulation_i/signal_for_decision_reg_reg1__3 multiplier stage i_system_wrapper/system_i/btle_controller_0/inst/btle_phy_i/btle_rx_i/genblk1[5].btle_rx_core_i/gfsk_demodulation_i/signal_for_decision_reg_reg1__3/P[47:0] is not pipelined (MREG=0). Pipelining the multiplier function will improve performance and will save significant power so it is suggested whenever possible to fully pipeline this function.  If this multiplier was inferred, it is suggested to describe an additional register stage after this function.  If there is no registered adder/accumulator following the multiply function, two pipeline stages are suggested to allow both the MREG and PREG registers to be used.  If the DSP48 was instantiated in the design, it is suggested to set both the MREG and PREG attributes to 1 when performing multiply functions.
Related violations: <none>

DPOP-2#36 Warning
MREG Output pipelining  
DSP i_system_wrapper/system_i/btle_controller_0/inst/btle_phy_i/btle_rx_i/genblk1[5].btle_rx_core_i/gfsk_demodulation_i/signal_for_decision_reg_reg1__4 multiplier stage i_system_wrapper/system_i/btle_controller_0/inst/btle_phy_i/btle_rx_i/genblk1[5].btle_rx_core_i/gfsk_demodulation_i/signal_for_decision_reg_reg1__4/P[47:0] is not pipelined (MREG=0). Pipelining the multiplier function will improve performance and will save significant power so it is suggested whenever possible to fully pipeline this function.  If this multiplier was inferred, it is suggested to describe an additional register stage after this function.  If there is no registered adder/accumulator following the multiply function, two pipeline stages are suggested to allow both the MREG and PREG registers to be used.  If the DSP48 was instantiated in the design, it is suggested to set both the MREG and PREG attributes to 1 when performing multiply functions.
Related violations: <none>

DPOP-2#37 Warning
MREG Output pipelining  
DSP i_system_wrapper/system_i/btle_controller_0/inst/btle_phy_i/btle_rx_i/genblk1[6].btle_rx_core_i/gfsk_demodulation_i/signal_for_decision_reg_reg1 multiplier stage i_system_wrapper/system_i/btle_controller_0/inst/btle_phy_i/btle_rx_i/genblk1[6].btle_rx_core_i/gfsk_demodulation_i/signal_for_decision_reg_reg1/P[47:0] is not pipelined (MREG=0). Pipelining the multiplier function will improve performance and will save significant power so it is suggested whenever possible to fully pipeline this function.  If this multiplier was inferred, it is suggested to describe an additional register stage after this function.  If there is no registered adder/accumulator following the multiply function, two pipeline stages are suggested to allow both the MREG and PREG registers to be used.  If the DSP48 was instantiated in the design, it is suggested to set both the MREG and PREG attributes to 1 when performing multiply functions.
Related violations: <none>

DPOP-2#38 Warning
MREG Output pipelining  
DSP i_system_wrapper/system_i/btle_controller_0/inst/btle_phy_i/btle_rx_i/genblk1[6].btle_rx_core_i/gfsk_demodulation_i/signal_for_decision_reg_reg1__0 multiplier stage i_system_wrapper/system_i/btle_controller_0/inst/btle_phy_i/btle_rx_i/genblk1[6].btle_rx_core_i/gfsk_demodulation_i/signal_for_decision_reg_reg1__0/P[47:0] is not pipelined (MREG=0). Pipelining the multiplier function will improve performance and will save significant power so it is suggested whenever possible to fully pipeline this function.  If this multiplier was inferred, it is suggested to describe an additional register stage after this function.  If there is no registered adder/accumulator following the multiply function, two pipeline stages are suggested to allow both the MREG and PREG registers to be used.  If the DSP48 was instantiated in the design, it is suggested to set both the MREG and PREG attributes to 1 when performing multiply functions.
Related violations: <none>

DPOP-2#39 Warning
MREG Output pipelining  
DSP i_system_wrapper/system_i/btle_controller_0/inst/btle_phy_i/btle_rx_i/genblk1[6].btle_rx_core_i/gfsk_demodulation_i/signal_for_decision_reg_reg1__1 multiplier stage i_system_wrapper/system_i/btle_controller_0/inst/btle_phy_i/btle_rx_i/genblk1[6].btle_rx_core_i/gfsk_demodulation_i/signal_for_decision_reg_reg1__1/P[47:0] is not pipelined (MREG=0). Pipelining the multiplier function will improve performance and will save significant power so it is suggested whenever possible to fully pipeline this function.  If this multiplier was inferred, it is suggested to describe an additional register stage after this function.  If there is no registered adder/accumulator following the multiply function, two pipeline stages are suggested to allow both the MREG and PREG registers to be used.  If the DSP48 was instantiated in the design, it is suggested to set both the MREG and PREG attributes to 1 when performing multiply functions.
Related violations: <none>

DPOP-2#40 Warning
MREG Output pipelining  
DSP i_system_wrapper/system_i/btle_controller_0/inst/btle_phy_i/btle_rx_i/genblk1[6].btle_rx_core_i/gfsk_demodulation_i/signal_for_decision_reg_reg1__2 multiplier stage i_system_wrapper/system_i/btle_controller_0/inst/btle_phy_i/btle_rx_i/genblk1[6].btle_rx_core_i/gfsk_demodulation_i/signal_for_decision_reg_reg1__2/P[47:0] is not pipelined (MREG=0). Pipelining the multiplier function will improve performance and will save significant power so it is suggested whenever possible to fully pipeline this function.  If this multiplier was inferred, it is suggested to describe an additional register stage after this function.  If there is no registered adder/accumulator following the multiply function, two pipeline stages are suggested to allow both the MREG and PREG registers to be used.  If the DSP48 was instantiated in the design, it is suggested to set both the MREG and PREG attributes to 1 when performing multiply functions.
Related violations: <none>

DPOP-2#41 Warning
MREG Output pipelining  
DSP i_system_wrapper/system_i/btle_controller_0/inst/btle_phy_i/btle_rx_i/genblk1[6].btle_rx_core_i/gfsk_demodulation_i/signal_for_decision_reg_reg1__3 multiplier stage i_system_wrapper/system_i/btle_controller_0/inst/btle_phy_i/btle_rx_i/genblk1[6].btle_rx_core_i/gfsk_demodulation_i/signal_for_decision_reg_reg1__3/P[47:0] is not pipelined (MREG=0). Pipelining the multiplier function will improve performance and will save significant power so it is suggested whenever possible to fully pipeline this function.  If this multiplier was inferred, it is suggested to describe an additional register stage after this function.  If there is no registered adder/accumulator following the multiply function, two pipeline stages are suggested to allow both the MREG and PREG registers to be used.  If the DSP48 was instantiated in the design, it is suggested to set both the MREG and PREG attributes to 1 when performing multiply functions.
Related violations: <none>

DPOP-2#42 Warning
MREG Output pipelining  
DSP i_system_wrapper/system_i/btle_controller_0/inst/btle_phy_i/btle_rx_i/genblk1[6].btle_rx_core_i/gfsk_demodulation_i/signal_for_decision_reg_reg1__4 multiplier stage i_system_wrapper/system_i/btle_controller_0/inst/btle_phy_i/btle_rx_i/genblk1[6].btle_rx_core_i/gfsk_demodulation_i/signal_for_decision_reg_reg1__4/P[47:0] is not pipelined (MREG=0). Pipelining the multiplier function will improve performance and will save significant power so it is suggested whenever possible to fully pipeline this function.  If this multiplier was inferred, it is suggested to describe an additional register stage after this function.  If there is no registered adder/accumulator following the multiply function, two pipeline stages are suggested to allow both the MREG and PREG registers to be used.  If the DSP48 was instantiated in the design, it is suggested to set both the MREG and PREG attributes to 1 when performing multiply functions.
Related violations: <none>

DPOP-2#43 Warning
MREG Output pipelining  
DSP i_system_wrapper/system_i/btle_controller_0/inst/btle_phy_i/btle_rx_i/genblk1[7].btle_rx_core_i/gfsk_demodulation_i/signal_for_decision_reg_reg1 multiplier stage i_system_wrapper/system_i/btle_controller_0/inst/btle_phy_i/btle_rx_i/genblk1[7].btle_rx_core_i/gfsk_demodulation_i/signal_for_decision_reg_reg1/P[47:0] is not pipelined (MREG=0). Pipelining the multiplier function will improve performance and will save significant power so it is suggested whenever possible to fully pipeline this function.  If this multiplier was inferred, it is suggested to describe an additional register stage after this function.  If there is no registered adder/accumulator following the multiply function, two pipeline stages are suggested to allow both the MREG and PREG registers to be used.  If the DSP48 was instantiated in the design, it is suggested to set both the MREG and PREG attributes to 1 when performing multiply functions.
Related violations: <none>

DPOP-2#44 Warning
MREG Output pipelining  
DSP i_system_wrapper/system_i/btle_controller_0/inst/btle_phy_i/btle_rx_i/genblk1[7].btle_rx_core_i/gfsk_demodulation_i/signal_for_decision_reg_reg1__0 multiplier stage i_system_wrapper/system_i/btle_controller_0/inst/btle_phy_i/btle_rx_i/genblk1[7].btle_rx_core_i/gfsk_demodulation_i/signal_for_decision_reg_reg1__0/P[47:0] is not pipelined (MREG=0). Pipelining the multiplier function will improve performance and will save significant power so it is suggested whenever possible to fully pipeline this function.  If this multiplier was inferred, it is suggested to describe an additional register stage after this function.  If there is no registered adder/accumulator following the multiply function, two pipeline stages are suggested to allow both the MREG and PREG registers to be used.  If the DSP48 was instantiated in the design, it is suggested to set both the MREG and PREG attributes to 1 when performing multiply functions.
Related violations: <none>

DPOP-2#45 Warning
MREG Output pipelining  
DSP i_system_wrapper/system_i/btle_controller_0/inst/btle_phy_i/btle_rx_i/genblk1[7].btle_rx_core_i/gfsk_demodulation_i/signal_for_decision_reg_reg1__1 multiplier stage i_system_wrapper/system_i/btle_controller_0/inst/btle_phy_i/btle_rx_i/genblk1[7].btle_rx_core_i/gfsk_demodulation_i/signal_for_decision_reg_reg1__1/P[47:0] is not pipelined (MREG=0). Pipelining the multiplier function will improve performance and will save significant power so it is suggested whenever possible to fully pipeline this function.  If this multiplier was inferred, it is suggested to describe an additional register stage after this function.  If there is no registered adder/accumulator following the multiply function, two pipeline stages are suggested to allow both the MREG and PREG registers to be used.  If the DSP48 was instantiated in the design, it is suggested to set both the MREG and PREG attributes to 1 when performing multiply functions.
Related violations: <none>

DPOP-2#46 Warning
MREG Output pipelining  
DSP i_system_wrapper/system_i/btle_controller_0/inst/btle_phy_i/btle_rx_i/genblk1[7].btle_rx_core_i/gfsk_demodulation_i/signal_for_decision_reg_reg1__2 multiplier stage i_system_wrapper/system_i/btle_controller_0/inst/btle_phy_i/btle_rx_i/genblk1[7].btle_rx_core_i/gfsk_demodulation_i/signal_for_decision_reg_reg1__2/P[47:0] is not pipelined (MREG=0). Pipelining the multiplier function will improve performance and will save significant power so it is suggested whenever possible to fully pipeline this function.  If this multiplier was inferred, it is suggested to describe an additional register stage after this function.  If there is no registered adder/accumulator following the multiply function, two pipeline stages are suggested to allow both the MREG and PREG registers to be used.  If the DSP48 was instantiated in the design, it is suggested to set both the MREG and PREG attributes to 1 when performing multiply functions.
Related violations: <none>

DPOP-2#47 Warning
MREG Output pipelining  
DSP i_system_wrapper/system_i/btle_controller_0/inst/btle_phy_i/btle_rx_i/genblk1[7].btle_rx_core_i/gfsk_demodulation_i/signal_for_decision_reg_reg1__3 multiplier stage i_system_wrapper/system_i/btle_controller_0/inst/btle_phy_i/btle_rx_i/genblk1[7].btle_rx_core_i/gfsk_demodulation_i/signal_for_decision_reg_reg1__3/P[47:0] is not pipelined (MREG=0). Pipelining the multiplier function will improve performance and will save significant power so it is suggested whenever possible to fully pipeline this function.  If this multiplier was inferred, it is suggested to describe an additional register stage after this function.  If there is no registered adder/accumulator following the multiply function, two pipeline stages are suggested to allow both the MREG and PREG registers to be used.  If the DSP48 was instantiated in the design, it is suggested to set both the MREG and PREG attributes to 1 when performing multiply functions.
Related violations: <none>

DPOP-2#48 Warning
MREG Output pipelining  
DSP i_system_wrapper/system_i/btle_controller_0/inst/btle_phy_i/btle_rx_i/genblk1[7].btle_rx_core_i/gfsk_demodulation_i/signal_for_decision_reg_reg1__4 multiplier stage i_system_wrapper/system_i/btle_controller_0/inst/btle_phy_i/btle_rx_i/genblk1[7].btle_rx_core_i/gfsk_demodulation_i/signal_for_decision_reg_reg1__4/P[47:0] is not pipelined (MREG=0). Pipelining the multiplier function will improve performance and will save significant power so it is suggested whenever possible to fully pipeline this function.  If this multiplier was inferred, it is suggested to describe an additional register stage after this function.  If there is no registered adder/accumulator following the multiply function, two pipeline stages are suggested to allow both the MREG and PREG registers to be used.  If the DSP48 was instantiated in the design, it is suggested to set both the MREG and PREG attributes to 1 when performing multiply functions.
Related violations: <none>

REQP-1577#1 Warning
Clock output buffering  
MMCME2_ADV connectivity violation. The signal i_system_wrapper/system_i/gmii_to_rgmii_0/U0/i_system_gmii_to_rgmii_0_0_clocking/clk_10 on the i_system_wrapper/system_i/gmii_to_rgmii_0/U0/i_system_gmii_to_rgmii_0_0_clocking/mmcm_adv_inst/CLKOUT2 pin of i_system_wrapper/system_i/gmii_to_rgmii_0/U0/i_system_gmii_to_rgmii_0_0_clocking/mmcm_adv_inst does not drive the same kind of BUFFER load as the other CLKOUT pins. Routing from the different buffer types will not be phase aligned.
Related violations: <none>

REQP-1839#1 Warning
RAMB36 async control check  
The RAMB36E1 i_system_wrapper/system_i/axi_ad9361_dac_fifo/inst/i_mem/m_ram_reg has an input control pin i_system_wrapper/system_i/axi_ad9361_dac_fifo/inst/i_mem/m_ram_reg/ADDRBWRADDR[10] (net: i_system_wrapper/system_i/axi_ad9361_dac_fifo/inst/i_mem/m_ram_reg_0[4]) which is driven by a register (i_system_wrapper/system_i/axi_ad9361_dac_fifo/inst/din_waddr_reg[4]) that has an active asychronous set or reset. This may cause corruption of the memory contents and/or read values when the set/reset is asserted and is not analyzed by the default static timing analysis. It is suggested to eliminate the use of a set/reset to registers driving this RAMB pin or else use a synchronous reset in which the assertion of the reset is timed by default.
Related violations: <none>

REQP-1839#2 Warning
RAMB36 async control check  
The RAMB36E1 i_system_wrapper/system_i/axi_ad9361_dac_fifo/inst/i_mem/m_ram_reg has an input control pin i_system_wrapper/system_i/axi_ad9361_dac_fifo/inst/i_mem/m_ram_reg/ADDRBWRADDR[6] (net: i_system_wrapper/system_i/axi_ad9361_dac_fifo/inst/i_mem/m_ram_reg_0[0]) which is driven by a register (i_system_wrapper/system_i/axi_ad9361_dac_fifo/inst/din_waddr_reg[0]) that has an active asychronous set or reset. This may cause corruption of the memory contents and/or read values when the set/reset is asserted and is not analyzed by the default static timing analysis. It is suggested to eliminate the use of a set/reset to registers driving this RAMB pin or else use a synchronous reset in which the assertion of the reset is timed by default.
Related violations: <none>

REQP-1839#3 Warning
RAMB36 async control check  
The RAMB36E1 i_system_wrapper/system_i/axi_ad9361_dac_fifo/inst/i_mem/m_ram_reg has an input control pin i_system_wrapper/system_i/axi_ad9361_dac_fifo/inst/i_mem/m_ram_reg/ADDRBWRADDR[7] (net: i_system_wrapper/system_i/axi_ad9361_dac_fifo/inst/i_mem/m_ram_reg_0[1]) which is driven by a register (i_system_wrapper/system_i/axi_ad9361_dac_fifo/inst/din_waddr_reg[1]) that has an active asychronous set or reset. This may cause corruption of the memory contents and/or read values when the set/reset is asserted and is not analyzed by the default static timing analysis. It is suggested to eliminate the use of a set/reset to registers driving this RAMB pin or else use a synchronous reset in which the assertion of the reset is timed by default.
Related violations: <none>

REQP-1839#4 Warning
RAMB36 async control check  
The RAMB36E1 i_system_wrapper/system_i/axi_ad9361_dac_fifo/inst/i_mem/m_ram_reg has an input control pin i_system_wrapper/system_i/axi_ad9361_dac_fifo/inst/i_mem/m_ram_reg/ADDRBWRADDR[8] (net: i_system_wrapper/system_i/axi_ad9361_dac_fifo/inst/i_mem/m_ram_reg_0[2]) which is driven by a register (i_system_wrapper/system_i/axi_ad9361_dac_fifo/inst/din_waddr_reg[2]) that has an active asychronous set or reset. This may cause corruption of the memory contents and/or read values when the set/reset is asserted and is not analyzed by the default static timing analysis. It is suggested to eliminate the use of a set/reset to registers driving this RAMB pin or else use a synchronous reset in which the assertion of the reset is timed by default.
Related violations: <none>

REQP-1839#5 Warning
RAMB36 async control check  
The RAMB36E1 i_system_wrapper/system_i/axi_ad9361_dac_fifo/inst/i_mem/m_ram_reg has an input control pin i_system_wrapper/system_i/axi_ad9361_dac_fifo/inst/i_mem/m_ram_reg/ADDRBWRADDR[9] (net: i_system_wrapper/system_i/axi_ad9361_dac_fifo/inst/i_mem/m_ram_reg_0[3]) which is driven by a register (i_system_wrapper/system_i/axi_ad9361_dac_fifo/inst/din_waddr_reg[3]) that has an active asychronous set or reset. This may cause corruption of the memory contents and/or read values when the set/reset is asserted and is not analyzed by the default static timing analysis. It is suggested to eliminate the use of a set/reset to registers driving this RAMB pin or else use a synchronous reset in which the assertion of the reset is timed by default.
Related violations: <none>

REQP-1839#6 Warning
RAMB36 async control check  
The RAMB36E1 i_system_wrapper/system_i/axi_ad9361_dac_fifo/inst/i_mem/m_ram_reg has an input control pin i_system_wrapper/system_i/axi_ad9361_dac_fifo/inst/i_mem/m_ram_reg/ENBWREN (net: i_system_wrapper/system_i/axi_ad9361_dac_fifo/inst/i_mem/WEBWE[0]) which is driven by a register (i_system_wrapper/system_i/axi_ad9361_dac_fifo/inst/din_wr_reg) that has an active asychronous set or reset. This may cause corruption of the memory contents and/or read values when the set/reset is asserted and is not analyzed by the default static timing analysis. It is suggested to eliminate the use of a set/reset to registers driving this RAMB pin or else use a synchronous reset in which the assertion of the reset is timed by default.
Related violations: <none>

REQP-1839#7 Warning
RAMB36 async control check  
The RAMB36E1 i_system_wrapper/system_i/axi_ad9361_dac_fifo/inst/i_mem/m_ram_reg has an input control pin i_system_wrapper/system_i/axi_ad9361_dac_fifo/inst/i_mem/m_ram_reg/WEBWE[0] (net: i_system_wrapper/system_i/axi_ad9361_dac_fifo/inst/i_mem/WEBWE[0]) which is driven by a register (i_system_wrapper/system_i/axi_ad9361_dac_fifo/inst/din_wr_reg) that has an active asychronous set or reset. This may cause corruption of the memory contents and/or read values when the set/reset is asserted and is not analyzed by the default static timing analysis. It is suggested to eliminate the use of a set/reset to registers driving this RAMB pin or else use a synchronous reset in which the assertion of the reset is timed by default.
Related violations: <none>

REQP-1839#8 Warning
RAMB36 async control check  
The RAMB36E1 i_system_wrapper/system_i/axi_ad9361_dac_fifo/inst/i_mem/m_ram_reg has an input control pin i_system_wrapper/system_i/axi_ad9361_dac_fifo/inst/i_mem/m_ram_reg/WEBWE[1] (net: i_system_wrapper/system_i/axi_ad9361_dac_fifo/inst/i_mem/WEBWE[0]) which is driven by a register (i_system_wrapper/system_i/axi_ad9361_dac_fifo/inst/din_wr_reg) that has an active asychronous set or reset. This may cause corruption of the memory contents and/or read values when the set/reset is asserted and is not analyzed by the default static timing analysis. It is suggested to eliminate the use of a set/reset to registers driving this RAMB pin or else use a synchronous reset in which the assertion of the reset is timed by default.
Related violations: <none>

REQP-1839#9 Warning
RAMB36 async control check  
The RAMB36E1 i_system_wrapper/system_i/axi_ad9361_dac_fifo/inst/i_mem/m_ram_reg has an input control pin i_system_wrapper/system_i/axi_ad9361_dac_fifo/inst/i_mem/m_ram_reg/WEBWE[2] (net: i_system_wrapper/system_i/axi_ad9361_dac_fifo/inst/i_mem/WEBWE[0]) which is driven by a register (i_system_wrapper/system_i/axi_ad9361_dac_fifo/inst/din_wr_reg) that has an active asychronous set or reset. This may cause corruption of the memory contents and/or read values when the set/reset is asserted and is not analyzed by the default static timing analysis. It is suggested to eliminate the use of a set/reset to registers driving this RAMB pin or else use a synchronous reset in which the assertion of the reset is timed by default.
Related violations: <none>

REQP-1839#10 Warning
RAMB36 async control check  
The RAMB36E1 i_system_wrapper/system_i/axi_ad9361_dac_fifo/inst/i_mem/m_ram_reg has an input control pin i_system_wrapper/system_i/axi_ad9361_dac_fifo/inst/i_mem/m_ram_reg/WEBWE[3] (net: i_system_wrapper/system_i/axi_ad9361_dac_fifo/inst/i_mem/WEBWE[0]) which is driven by a register (i_system_wrapper/system_i/axi_ad9361_dac_fifo/inst/din_wr_reg) that has an active asychronous set or reset. This may cause corruption of the memory contents and/or read values when the set/reset is asserted and is not analyzed by the default static timing analysis. It is suggested to eliminate the use of a set/reset to registers driving this RAMB pin or else use a synchronous reset in which the assertion of the reset is timed by default.
Related violations: <none>

REQP-1839#11 Warning
RAMB36 async control check  
The RAMB36E1 i_system_wrapper/system_i/axi_ad9361_dac_fifo/inst/i_mem/m_ram_reg has an input control pin i_system_wrapper/system_i/axi_ad9361_dac_fifo/inst/i_mem/m_ram_reg/WEBWE[4] (net: i_system_wrapper/system_i/axi_ad9361_dac_fifo/inst/i_mem/WEBWE[0]) which is driven by a register (i_system_wrapper/system_i/axi_ad9361_dac_fifo/inst/din_wr_reg) that has an active asychronous set or reset. This may cause corruption of the memory contents and/or read values when the set/reset is asserted and is not analyzed by the default static timing analysis. It is suggested to eliminate the use of a set/reset to registers driving this RAMB pin or else use a synchronous reset in which the assertion of the reset is timed by default.
Related violations: <none>

REQP-1839#12 Warning
RAMB36 async control check  
The RAMB36E1 i_system_wrapper/system_i/axi_ad9361_dac_fifo/inst/i_mem/m_ram_reg has an input control pin i_system_wrapper/system_i/axi_ad9361_dac_fifo/inst/i_mem/m_ram_reg/WEBWE[5] (net: i_system_wrapper/system_i/axi_ad9361_dac_fifo/inst/i_mem/WEBWE[0]) which is driven by a register (i_system_wrapper/system_i/axi_ad9361_dac_fifo/inst/din_wr_reg) that has an active asychronous set or reset. This may cause corruption of the memory contents and/or read values when the set/reset is asserted and is not analyzed by the default static timing analysis. It is suggested to eliminate the use of a set/reset to registers driving this RAMB pin or else use a synchronous reset in which the assertion of the reset is timed by default.
Related violations: <none>

REQP-1839#13 Warning
RAMB36 async control check  
The RAMB36E1 i_system_wrapper/system_i/axi_ad9361_dac_fifo/inst/i_mem/m_ram_reg has an input control pin i_system_wrapper/system_i/axi_ad9361_dac_fifo/inst/i_mem/m_ram_reg/WEBWE[6] (net: i_system_wrapper/system_i/axi_ad9361_dac_fifo/inst/i_mem/WEBWE[0]) which is driven by a register (i_system_wrapper/system_i/axi_ad9361_dac_fifo/inst/din_wr_reg) that has an active asychronous set or reset. This may cause corruption of the memory contents and/or read values when the set/reset is asserted and is not analyzed by the default static timing analysis. It is suggested to eliminate the use of a set/reset to registers driving this RAMB pin or else use a synchronous reset in which the assertion of the reset is timed by default.
Related violations: <none>

REQP-1839#14 Warning
RAMB36 async control check  
The RAMB36E1 i_system_wrapper/system_i/axi_ad9361_dac_fifo/inst/i_mem/m_ram_reg has an input control pin i_system_wrapper/system_i/axi_ad9361_dac_fifo/inst/i_mem/m_ram_reg/WEBWE[7] (net: i_system_wrapper/system_i/axi_ad9361_dac_fifo/inst/i_mem/WEBWE[0]) which is driven by a register (i_system_wrapper/system_i/axi_ad9361_dac_fifo/inst/din_wr_reg) that has an active asychronous set or reset. This may cause corruption of the memory contents and/or read values when the set/reset is asserted and is not analyzed by the default static timing analysis. It is suggested to eliminate the use of a set/reset to registers driving this RAMB pin or else use a synchronous reset in which the assertion of the reset is timed by default.
Related violations: <none>

REQP-1839#15 Warning
RAMB36 async control check  
The RAMB36E1 i_system_wrapper/system_i/util_ad9361_adc_fifo/inst/i_mem/m_ram_reg has an input control pin i_system_wrapper/system_i/util_ad9361_adc_fifo/inst/i_mem/m_ram_reg/ADDRARDADDR[6] (net: i_system_wrapper/system_i/util_ad9361_adc_fifo/inst/i_mem/Q[0]) which is driven by a register (i_system_wrapper/system_i/util_ad9361_adc_fifo/inst/dout_raddr_reg[0]) that has an active asychronous set or reset. This may cause corruption of the memory contents and/or read values when the set/reset is asserted and is not analyzed by the default static timing analysis. It is suggested to eliminate the use of a set/reset to registers driving this RAMB pin or else use a synchronous reset in which the assertion of the reset is timed by default.
Related violations: <none>

REQP-1839#16 Warning
RAMB36 async control check  
The RAMB36E1 i_system_wrapper/system_i/util_ad9361_adc_fifo/inst/i_mem/m_ram_reg has an input control pin i_system_wrapper/system_i/util_ad9361_adc_fifo/inst/i_mem/m_ram_reg/ADDRARDADDR[7] (net: i_system_wrapper/system_i/util_ad9361_adc_fifo/inst/i_mem/Q[1]) which is driven by a register (i_system_wrapper/system_i/util_ad9361_adc_fifo/inst/dout_raddr_reg[1]) that has an active asychronous set or reset. This may cause corruption of the memory contents and/or read values when the set/reset is asserted and is not analyzed by the default static timing analysis. It is suggested to eliminate the use of a set/reset to registers driving this RAMB pin or else use a synchronous reset in which the assertion of the reset is timed by default.
Related violations: <none>

REQP-1839#17 Warning
RAMB36 async control check  
The RAMB36E1 i_system_wrapper/system_i/util_ad9361_adc_fifo/inst/i_mem/m_ram_reg has an input control pin i_system_wrapper/system_i/util_ad9361_adc_fifo/inst/i_mem/m_ram_reg/ADDRARDADDR[8] (net: i_system_wrapper/system_i/util_ad9361_adc_fifo/inst/i_mem/Q[2]) which is driven by a register (i_system_wrapper/system_i/util_ad9361_adc_fifo/inst/dout_raddr_reg[2]) that has an active asychronous set or reset. This may cause corruption of the memory contents and/or read values when the set/reset is asserted and is not analyzed by the default static timing analysis. It is suggested to eliminate the use of a set/reset to registers driving this RAMB pin or else use a synchronous reset in which the assertion of the reset is timed by default.
Related violations: <none>

REQP-1839#18 Warning
RAMB36 async control check  
The RAMB36E1 i_system_wrapper/system_i/util_ad9361_adc_fifo/inst/i_mem/m_ram_reg has an input control pin i_system_wrapper/system_i/util_ad9361_adc_fifo/inst/i_mem/m_ram_reg/ADDRARDADDR[9] (net: i_system_wrapper/system_i/util_ad9361_adc_fifo/inst/i_mem/Q[3]) which is driven by a register (i_system_wrapper/system_i/util_ad9361_adc_fifo/inst/dout_raddr_reg[3]) that has an active asychronous set or reset. This may cause corruption of the memory contents and/or read values when the set/reset is asserted and is not analyzed by the default static timing analysis. It is suggested to eliminate the use of a set/reset to registers driving this RAMB pin or else use a synchronous reset in which the assertion of the reset is timed by default.
Related violations: <none>

REQP-1839#19 Warning
RAMB36 async control check  
The RAMB36E1 i_system_wrapper/system_i/util_ad9361_adc_fifo/inst/i_mem/m_ram_reg has an input control pin i_system_wrapper/system_i/util_ad9361_adc_fifo/inst/i_mem/m_ram_reg/ENARDEN (net: i_system_wrapper/system_i/util_ad9361_adc_fifo/inst/i_mem/m_ram_reg_ENARDEN_cooolgate_en_sig_11) which is driven by a register (i_system_wrapper/system_i/util_ad9361_adc_fifo/inst/dout_req_cnt_reg[3]) that has an active asychronous set or reset. This may cause corruption of the memory contents and/or read values when the set/reset is asserted and is not analyzed by the default static timing analysis. It is suggested to eliminate the use of a set/reset to registers driving this RAMB pin or else use a synchronous reset in which the assertion of the reset is timed by default.
Related violations: <none>

AVAL-4#1 Advisory
enum_USE_DPORT_FALSE_enum_DREG_ADREG_0_connects_CED_CEAD_RSTD_GND  
i_system_wrapper/system_i/axi_ad9361/inst/i_rx/i_rx_channel_0/i_ad_iqcor/g_loop[0].i_mul_i/i_mult_macro/dsp_v5_1.DSP48_V5_1: DSP48E1 is not using the D port (USE_DPORT = FALSE). For improved power characteristics, set DREG and ADREG to '1', tie CED, CEAD, and RSTD to logic '0'.
Related violations: <none>

AVAL-4#2 Advisory
enum_USE_DPORT_FALSE_enum_DREG_ADREG_0_connects_CED_CEAD_RSTD_GND  
i_system_wrapper/system_i/axi_ad9361/inst/i_rx/i_rx_channel_0/i_ad_iqcor/g_loop[0].i_mul_q/i_mult_macro/dsp_v5_1.DSP48_V5_1: DSP48E1 is not using the D port (USE_DPORT = FALSE). For improved power characteristics, set DREG and ADREG to '1', tie CED, CEAD, and RSTD to logic '0'.
Related violations: <none>

AVAL-4#3 Advisory
enum_USE_DPORT_FALSE_enum_DREG_ADREG_0_connects_CED_CEAD_RSTD_GND  
i_system_wrapper/system_i/axi_ad9361/inst/i_rx/i_rx_channel_1/i_ad_iqcor/g_loop[0].i_mul_i/i_mult_macro/dsp_v5_1.DSP48_V5_1: DSP48E1 is not using the D port (USE_DPORT = FALSE). For improved power characteristics, set DREG and ADREG to '1', tie CED, CEAD, and RSTD to logic '0'.
Related violations: <none>

AVAL-4#4 Advisory
enum_USE_DPORT_FALSE_enum_DREG_ADREG_0_connects_CED_CEAD_RSTD_GND  
i_system_wrapper/system_i/axi_ad9361/inst/i_rx/i_rx_channel_1/i_ad_iqcor/g_loop[0].i_mul_q/i_mult_macro/dsp_v5_1.DSP48_V5_1: DSP48E1 is not using the D port (USE_DPORT = FALSE). For improved power characteristics, set DREG and ADREG to '1', tie CED, CEAD, and RSTD to logic '0'.
Related violations: <none>

AVAL-4#5 Advisory
enum_USE_DPORT_FALSE_enum_DREG_ADREG_0_connects_CED_CEAD_RSTD_GND  
i_system_wrapper/system_i/axi_ad9361/inst/i_rx/i_rx_channel_2/i_ad_iqcor/g_loop[0].i_mul_i/i_mult_macro/dsp_v5_1.DSP48_V5_1: DSP48E1 is not using the D port (USE_DPORT = FALSE). For improved power characteristics, set DREG and ADREG to '1', tie CED, CEAD, and RSTD to logic '0'.
Related violations: <none>

AVAL-4#6 Advisory
enum_USE_DPORT_FALSE_enum_DREG_ADREG_0_connects_CED_CEAD_RSTD_GND  
i_system_wrapper/system_i/axi_ad9361/inst/i_rx/i_rx_channel_2/i_ad_iqcor/g_loop[0].i_mul_q/i_mult_macro/dsp_v5_1.DSP48_V5_1: DSP48E1 is not using the D port (USE_DPORT = FALSE). For improved power characteristics, set DREG and ADREG to '1', tie CED, CEAD, and RSTD to logic '0'.
Related violations: <none>

AVAL-4#7 Advisory
enum_USE_DPORT_FALSE_enum_DREG_ADREG_0_connects_CED_CEAD_RSTD_GND  
i_system_wrapper/system_i/axi_ad9361/inst/i_rx/i_rx_channel_3/i_ad_iqcor/g_loop[0].i_mul_i/i_mult_macro/dsp_v5_1.DSP48_V5_1: DSP48E1 is not using the D port (USE_DPORT = FALSE). For improved power characteristics, set DREG and ADREG to '1', tie CED, CEAD, and RSTD to logic '0'.
Related violations: <none>

AVAL-4#8 Advisory
enum_USE_DPORT_FALSE_enum_DREG_ADREG_0_connects_CED_CEAD_RSTD_GND  
i_system_wrapper/system_i/axi_ad9361/inst/i_rx/i_rx_channel_3/i_ad_iqcor/g_loop[0].i_mul_q/i_mult_macro/dsp_v5_1.DSP48_V5_1: DSP48E1 is not using the D port (USE_DPORT = FALSE). For improved power characteristics, set DREG and ADREG to '1', tie CED, CEAD, and RSTD to logic '0'.
Related violations: <none>

AVAL-4#9 Advisory
enum_USE_DPORT_FALSE_enum_DREG_ADREG_0_connects_CED_CEAD_RSTD_GND  
i_system_wrapper/system_i/axi_ad9361/inst/i_tx/i_tx_channel_0/i_ad_iqcor/g_loop[0].i_mul_i/i_mult_macro/dsp_v5_1.DSP48_V5_1: DSP48E1 is not using the D port (USE_DPORT = FALSE). For improved power characteristics, set DREG and ADREG to '1', tie CED, CEAD, and RSTD to logic '0'.
Related violations: <none>

AVAL-4#10 Advisory
enum_USE_DPORT_FALSE_enum_DREG_ADREG_0_connects_CED_CEAD_RSTD_GND  
i_system_wrapper/system_i/axi_ad9361/inst/i_tx/i_tx_channel_0/i_ad_iqcor/g_loop[0].i_mul_q/i_mult_macro/dsp_v5_1.DSP48_V5_1: DSP48E1 is not using the D port (USE_DPORT = FALSE). For improved power characteristics, set DREG and ADREG to '1', tie CED, CEAD, and RSTD to logic '0'.
Related violations: <none>

AVAL-4#11 Advisory
enum_USE_DPORT_FALSE_enum_DREG_ADREG_0_connects_CED_CEAD_RSTD_GND  
i_system_wrapper/system_i/axi_ad9361/inst/i_tx/i_tx_channel_1/i_ad_iqcor/g_loop[0].i_mul_i/i_mult_macro/dsp_v5_1.DSP48_V5_1: DSP48E1 is not using the D port (USE_DPORT = FALSE). For improved power characteristics, set DREG and ADREG to '1', tie CED, CEAD, and RSTD to logic '0'.
Related violations: <none>

AVAL-4#12 Advisory
enum_USE_DPORT_FALSE_enum_DREG_ADREG_0_connects_CED_CEAD_RSTD_GND  
i_system_wrapper/system_i/axi_ad9361/inst/i_tx/i_tx_channel_1/i_ad_iqcor/g_loop[0].i_mul_q/i_mult_macro/dsp_v5_1.DSP48_V5_1: DSP48E1 is not using the D port (USE_DPORT = FALSE). For improved power characteristics, set DREG and ADREG to '1', tie CED, CEAD, and RSTD to logic '0'.
Related violations: <none>

AVAL-4#13 Advisory
enum_USE_DPORT_FALSE_enum_DREG_ADREG_0_connects_CED_CEAD_RSTD_GND  
i_system_wrapper/system_i/axi_ad9361/inst/i_tx/i_tx_channel_2/i_ad_iqcor/g_loop[0].i_mul_i/i_mult_macro/dsp_v5_1.DSP48_V5_1: DSP48E1 is not using the D port (USE_DPORT = FALSE). For improved power characteristics, set DREG and ADREG to '1', tie CED, CEAD, and RSTD to logic '0'.
Related violations: <none>

AVAL-4#14 Advisory
enum_USE_DPORT_FALSE_enum_DREG_ADREG_0_connects_CED_CEAD_RSTD_GND  
i_system_wrapper/system_i/axi_ad9361/inst/i_tx/i_tx_channel_2/i_ad_iqcor/g_loop[0].i_mul_q/i_mult_macro/dsp_v5_1.DSP48_V5_1: DSP48E1 is not using the D port (USE_DPORT = FALSE). For improved power characteristics, set DREG and ADREG to '1', tie CED, CEAD, and RSTD to logic '0'.
Related violations: <none>

AVAL-4#15 Advisory
enum_USE_DPORT_FALSE_enum_DREG_ADREG_0_connects_CED_CEAD_RSTD_GND  
i_system_wrapper/system_i/axi_ad9361/inst/i_tx/i_tx_channel_3/i_ad_iqcor/g_loop[0].i_mul_i/i_mult_macro/dsp_v5_1.DSP48_V5_1: DSP48E1 is not using the D port (USE_DPORT = FALSE). For improved power characteristics, set DREG and ADREG to '1', tie CED, CEAD, and RSTD to logic '0'.
Related violations: <none>

AVAL-4#16 Advisory
enum_USE_DPORT_FALSE_enum_DREG_ADREG_0_connects_CED_CEAD_RSTD_GND  
i_system_wrapper/system_i/axi_ad9361/inst/i_tx/i_tx_channel_3/i_ad_iqcor/g_loop[0].i_mul_q/i_mult_macro/dsp_v5_1.DSP48_V5_1: DSP48E1 is not using the D port (USE_DPORT = FALSE). For improved power characteristics, set DREG and ADREG to '1', tie CED, CEAD, and RSTD to logic '0'.
Related violations: <none>


